customer_id,age,income,total_spend,num_purchases,recency_days,web_visits_per_month
C00001,21,35868.18,133.19,2,47,5
C00002,25,34541.65,701.98,15,55,11
C00003,42,69573.52,1189.53,10,185,0
C00004,28,45906.5,118.79,2,7,5
C00005,50,67654.7,3819.87,26,48,2
C00006,45,55308.09,2353.84,15,249,0
C00007,28,54353.29,553.11,4,6,4
C00008,30,,251.97,5,34,8
C00009,47,55387.83,5599.0,36,5,8
C00010,32,56061.49,594.19,18,28,8
C00011,24,29043.18,1010.99,24,5,13
C00012,62,76586.78,442.24,4,106,1
C00013,18,30114.37,404.99,4,5,4
C00014,51,83162.04,512.23,7,166,1
C00015,35,32385.68,1254.41,24,30,10
C00016,26,36622.83,644.04,26,9,8
C00017,42,31757.4,112.48,1,58,1
C00018,38,106139.21,3463.26,28,16,4
C00019,43,72852.77,517.09,8,176,0
C00020,37,48725.2,71.64,2,84,5
C00021,25,48565.12,177.45,2,53,10
C00022,29,51455.85,1117.78,16,40,12
C00023,64,35516.8,856.6,12,177,1
C00024,39,64131.5,896.35,9,186,0
C00025,29,49188.72,169.13,3,49,1
C00026,47,75389.01,2938.49,39,57,8
C00027,29,35072.75,10545.097764502088,24,4,15
C00028,48,70681.12,5193.05,29,16,4
C00029,38,82928.6,7660.06,34,9,5
C00030,33,48978.7,485.11,6,6,3
C00031,29,36634.21,328.66,4,21,4
C00032,55,45742.07,460.69,6,253,1
C00033,41,49971.02,1467.26,27,33,9
C00034,35,61191.28,371.83,22,9,7
C00035,40,52451.25,537.24,13,7,7
C00036,46,51299.64,2836.93,32,6,6
C00037,45,105558.08,3235.54,28,35,5
C00038,30,76450.79,534.75,15,4,9
C00039,29,49702.36,354.9,16,3,9
C00040,35,24861.47,160.52,6,0,7
C00041,41,59133.53,800.5,15,9,9
C00042,39,81279.03,698.68,12,176,0
C00043,31,42119.65,586.95,6,31,6
C00044,46,53490.42,754.91,22,14,11
C00045,39,45959.31,596.24,12,214,2
C00046,58,76020.75,546.51,11,144,2
C00047,30,56113.29,1019.46,22,15,5
C00048,26,38023.68,824.46,19,44,8
C00049,33,31374.31,115.79,4,30,0
C00050,43,84173.61,3306.57,25,39,10
C00051,58,130428.27,2644.98,28,3,1
C00052,40,81370.39,6065.6,38,7,6
C00053,31,63091.08,140.33,3,30,3
C00054,25,32737.23,214.67,2,3,2
C00055,33,39885.98,300.98,6,124,7
C00056,27,43495.82,120.45,3,46,2
C00057,34,44778.0,434.33,11,2,8
C00058,18,66557.15,321.56,5,28,5
C00059,33,68768.98,3214.54,29,14,8
C00060,44,91986.65,4837.75,30,17,3
C00061,25,25751.8,184.09,4,66,4
C00062,27,76372.68,1170.6,18,4,9
C00063,29,57173.4,259.45,4,1,1
C00064,34,48617.33,238.45,4,25,4
C00065,36,42732.47,147.04,2,30,4
C00066,31,54750.5,195.05,3,56,5
C00067,30,15174.72,231.81,4,73,5
C00068,45,94991.72,705.3,18,8,8
C00069,39,119812.96,7735.13,26,22,8
C00070,34,37469.76,882.12,20,18,6
C00071,42,60941.84,5648.06,30,2,5
C00072,33,24499.31,1082.83,30,26,8
C00073,50,81042.87,411.88,10,138,2
C00074,45,65812.89,555.96,23,6,10
C00075,45,61706.99,2034.43,19,33,8
C00076,43,41338.94,1302.32,16,101,4
C00077,32,42250.0,565.28,17,32,5
C00078,27,49434.59,588.6,5,44,3
C00079,33,50381.33,0.0,0,24,3
C00080,21,53062.86,56.01,2,37,4
C00081,34,110464.37,198.47,3,63,2
C00082,22,64375.68,425.53,16,49,7
C00083,46,50546.44,655.08,12,255,0
C00084,44,101326.47,2792.16,22,40,5
C00085,37,58837.56,3460.48,24,22,10
C00086,51,102830.24,2611.24,33,10,10
C00087,18,46817.12,123.04,3,118,4
C00088,23,29631.01,1195.39,23,9,9
C00089,41,65317.68,3133.63,28,50,4
C00090,38,53809.1,522.8,21,21,7
C00091,33,69348.49,2740.12,30,7,6
C00092,26,36110.77,85.28,1,87,4
C00093,51,48641.06,2433.94,25,44,7
C00094,25,38370.82,460.96,14,4,8
C00095,22,55315.96,1044.9,16,47,11
C00096,23,29614.18,286.99,7,38,5
C00097,54,66028.3,430.02,19,61,10
C00098,53,59108.89,3667.39,29,15,10
C00099,46,123328.94,3388.8,27,2,7
C00100,62,,525.33,8,180,0
C00101,59,48629.03,1040.3,14,218,1
C00102,28,55168.39,161.13,2,8,6
C00103,45,43917.24,1225.18,18,92,7
C00104,52,79060.45,706.04,12,204,1
C00105,28,29908.89,193.77,3,26,6
C00106,18,49962.08,380.34,4,69,4
C00107,30,31458.72,688.94,18,23,14
C00108,36,52317.12,535.53,15,9,11
C00109,57,88536.65,2209.21,29,14,7
C00110,40,85519.95,1238.33,13,180,0
C00111,28,82546.71,678.7,20,30,6
C00112,45,74543.52,7787.87,33,5,8
C00113,31,33913.68,853.37,19,53,6
C00114,28,74929.1,226.64,3,14,8
C00115,59,86528.68,7782.54,36,3,2
C00116,56,26855.44,1335.42,10,228,2
C00117,35,38999.56,218.21,2,36,2
C00118,33,64591.56,95.36,1,25,3
C00119,31,68799.52,450.48,14,16,2
C00120,30,37698.72,226.19,4,20,3
C00121,32,45467.41,73.74,2,21,1
C00122,27,39552.02,231.87,6,86,4
C00123,29,84104.34,6689.7,30,7,7
C00124,29,50213.64,490.7,24,10,11
C00125,26,79014.31,7215.42,31,12,4
C00126,21,53904.18,400.04,13,26,11
C00127,31,42204.01,924.4,21,23,8
C00128,36,75767.94,3347.24,21,11,3
C00129,42,104939.86,2857.57,21,11,5
C00130,27,31181.88,149.08,5,14,5
C00131,46,129435.38,2522.74,19,3,10
C00132,43,66282.99,388.7,9,184,2
C00133,32,52076.53,125.42,3,22,3
C00134,42,38471.6,1127.0,26,9,9
C00135,25,53826.85,1306.47,8,38,6
C00136,31,104280.04,6857.23,27,2,5
C00137,45,54309.38,1622.79,11,114,0
C00138,26,44342.37,1178.43,20,30,11
C00139,31,21052.44,124.47,1,36,5
C00140,59,109317.59,3477.26,34,21,10
C00141,40,43512.53,564.1,25,14,13
C00142,33,31246.87,739.96,21,81,10
C00143,57,53496.95,378.23,5,276,2
C00144,37,36564.68,71.9,1,2,8
C00145,37,44947.77,347.52,9,44,15
C00146,38,37951.66,2455.73,33,5,7
C00147,46,78135.7,464.15,15,0,5
C00148,37,43169.61,219.56,3,33,4
C00149,24,55710.68,585.82,16,23,5
C00150,44,65668.27,2602.67,28,9,8
C00151,39,89967.28,896.67,17,218,0
C00152,50,60831.04,697.67,12,214,1
C00153,38,80079.54,2807.43,33,2,1
C00154,34,41812.25,77.67,2,79,4
C00155,41,70865.98,1852.19,28,26,3
C00156,33,63879.65,199.13,4,20,3
C00157,18,74378.85,852.41,13,29,16
C00158,21,30444.01,289.15,6,5,4
C00159,31,27222.05,134.1,5,12,2
C00160,26,37496.79,288.66,5,33,3
C00161,57,117327.31,4489.59,28,9,9
C00162,62,31392.55,545.85,7,209,0
C00163,37,59827.18,787.2,15,9,16
C00164,45,114154.34,3823.33,32,5,6
C00165,24,34871.66,572.28,6,24,6
C00166,33,42564.08,543.62,22,3,10
C00167,54,58867.67,534.85,10,141,1
C00168,51,56544.55,1607.65,8,141,0
C00169,65,50327.35,432.33,17,1,12
C00170,53,62390.68,805.18,10,159,0
C00171,35,55944.06,317.72,15,29,5
C00172,39,42948.2,712.25,21,36,12
C00173,46,37377.54,663.9,13,6,8
C00174,47,42682.18,352.45,7,106,2
C00175,38,99975.94,3275.02,26,13,4
C00176,42,110816.77,3222.3,21,5,4
C00177,27,50315.08,793.97,18,69,7
C00178,67,48251.34,1104.26,12,201,1
C00179,44,72026.18,647.07,7,214,3
C00180,41,39105.62,89.28,2,18,0
C00181,34,70487.94,751.8,13,233,0
C00182,41,56502.27,821.15,10,169,3
C00183,36,37062.17,790.87,22,22,10
C00184,35,30804.74,458.56,14,58,13
C00185,36,70193.26,62.78,2,110,3
C00186,36,37997.35,101.18,1,16,4
C00187,32,29648.71,591.04,19,6,5
C00188,50,100883.0,2668.3,27,31,6
C00189,28,37043.56,209.66,4,170,2
C00190,23,44551.92,350.47,13,2,17
C00191,47,40981.45,1193.48,13,190,3
C00192,34,60747.38,978.32,15,5,5
C00193,38,76417.06,4337.64,30,4,1
C00194,27,42970.47,711.39,11,197,0
C00195,40,72339.68,3308.04,26,16,5
C00196,46,103488.05,3766.91,35,29,10
C00197,30,48512.99,386.72,8,2,5
C00198,44,64160.75,374.46,7,143,1
C00199,35,91605.34,3845.28,30,8,7
C00200,48,38639.74,1157.66,17,0,8
C00201,20,68033.16,297.24,4,41,7
C00202,44,46988.27,329.04,8,147,1
C00203,40,20335.83,833.53,19,16,7
C00204,31,112325.72,7777.82,29,7,9
C00205,33,105121.49,5231.92,30,15,7
C00206,29,66041.09,1267.79,20,52,6
C00207,43,78765.94,6013.49,32,9,7
C00208,31,60944.99,270.58,5,39,2
C00209,42,85682.39,4786.73,26,12,6
C00210,37,64225.32,702.81,19,115,6
C00211,31,40706.88,121.87,2,17,3
C00212,21,52710.98,185.65,2,61,4
C00213,46,76687.01,3417.74,31,4,9
C00214,37,63018.83,583.3,9,261,1
C00215,32,30476.65,269.17,6,0,3
C00216,31,20119.42,60.88,2,35,4
C00217,45,91844.97,4211.61,29,9,6
C00218,49,59212.04,4749.16,23,40,5
C00219,49,66436.8,684.49,10,168,3
C00220,32,39877.63,1286.46,22,25,8
C00221,23,29458.97,1198.73,28,1,10
C00222,44,46450.35,766.04,21,17,12
C00223,28,20623.52,170.87,2,13,7
C00224,43,63054.34,701.88,11,119,2
C00225,43,43571.12,942.39,26,31,8
C00226,65,42352.37,1039.52,11,180,2
C00227,58,70694.54,3362.1,27,8,6
C00228,21,19713.74,50.76,1,87,6
C00229,35,32892.77,596.24,5,83,5
C00230,48,98548.57,5816.97,36,26,4
C00231,42,116942.96,4263.9,32,3,9
C00232,48,33515.86,448.15,17,13,12
C00233,41,66662.69,645.35,9,175,0
C00234,29,34780.97,396.8,6,64,4
C00235,52,34226.98,478.84,7,96,1
C00236,51,41441.92,1650.44,12,141,2
C00237,31,33553.95,1161.13,22,15,10
C00238,25,43834.46,128.66,2,66,3
C00239,47,97621.08,3013.55,28,6,7
C00240,48,72518.14,9506.64,40,1,6
C00241,75,48056.81,365.44,8,170,1
C00242,32,48393.44,182.68,6,14,2
C00243,51,64482.56,1062.27,17,21,8
C00244,32,36662.26,330.76,4,2,7
C00245,27,28609.33,267.93,4,56,5
C00246,50,55652.1,1101.96,13,129,1
C00247,28,39754.81,269.14,5,62,3
C00248,32,43015.93,529.29,19,45,9
C00249,41,47099.38,778.89,17,3,17
C00250,40,32810.89,1176.38,23,4,9
C00251,31,40976.84,224.87,7,19,2
C00252,46,64042.5,1270.58,16,147,0
C00253,30,65742.51,1104.94,24,70,12
C00254,39,101323.45,712.1,22,21,7
C00255,43,32798.15,1163.9,17,82,4
C00256,25,36978.17,275.87,4,82,5
C00257,42,49903.67,278.36,10,281,2
C00258,30,100577.16,4079.8,33,44,4
C00259,63,127794.0,4444.11,22,1,11
C00260,29,38172.1,613.16,5,20,8
C00261,47,66554.6,4212.35,30,10,4
C00262,69,33256.79,323.03,6,169,1
C00263,49,50743.67,460.4,20,24,8
C00264,50,88866.51,2550.82,34,3,8
C00265,60,67981.53,647.04,8,240,1
C00266,45,87653.87,3037.63,22,11,2
C00267,43,55534.86,565.14,16,32,9
C00268,41,65682.89,4371.21,29,3,8
C00269,45,97758.77,5216.52,35,22,5
C00270,43,87026.74,3866.16,30,0,5
C00271,42,79930.81,5651.39,25,3,2
C00272,33,64106.46,1846.76,23,0,2
C00273,42,72826.9,2345.65,35,11,6
C00274,26,41524.73,248.78,4,11,0
C00275,25,46520.84,351.37,8,118,2
C00276,37,40471.48,338.68,14,7,12
C00277,25,50844.03,399.54,23,2,15
C00278,36,41737.35,480.06,13,6,17
C00279,49,20769.42,234.46,4,121,1
C00280,52,93802.47,482.24,6,213,3
C00281,40,53701.27,3591.48,28,15,6
C00282,46,64064.33,5289.94,31,5,5
C00283,33,51811.7,741.24,15,9,7
C00284,23,47399.59,1913.5,21,36,5
C00285,27,36885.13,146.15,5,21,4
C00286,40,38434.56,669.68,23,40,7
C00287,63,93603.12,2216.8,25,42,2
C00288,34,41138.65,1394.66,21,51,9
C00289,18,24412.21,223.89,4,16,5
C00290,56,90981.08,3910.63,34,27,6
C00291,51,58723.04,174.52,7,164,2
C00292,34,77852.3,7082.75,37,0,2
C00293,62,68665.62,805.82,9,154,3
C00294,41,83107.65,2870.94,36,14,8
C00295,33,57798.71,417.54,9,97,0
C00296,46,38124.73,438.22,9,151,5
C00297,65,86693.75,895.99,15,277,1
C00298,59,52609.51,709.01,8,161,2
C00299,36,55165.34,104.67,1,6,2
C00300,22,45639.27,172.85,5,29,5
C00301,27,52366.07,222.2,6,30,4
C00302,53,51588.26,6529.34,37,19,7
C00303,31,50712.55,32.27,1,2,3
C00304,43,28985.92,1395.81,20,7,10
C00305,46,52830.12,863.62,8,112,1
C00306,20,23858.5,328.32,15,2,8
C00307,38,29755.83,786.99,21,3,8
C00308,18,31287.34,311.13,3,26,5
C00309,25,45717.41,387.96,16,6,11
C00310,36,96885.9,7518.86,44,1,7
C00311,26,37447.61,532.76,14,27,11
C00312,34,53731.18,825.37,19,7,8
C00313,45,37312.64,505.02,17,55,7
C00314,30,26600.59,551.44,14,43,12
C00315,40,29432.42,682.61,15,15,6
C00316,34,34666.74,565.02,20,17,3
C00317,40,59032.25,609.43,20,5,11
C00318,25,31791.4,371.02,9,74,4
C00319,39,34092.01,900.04,17,10,8
C00320,33,52255.68,1202.22,13,149,1
C00321,45,33202.23,349.75,10,165,0
C00322,50,84926.61,473.56,19,37,6
C00323,35,36376.45,416.1,20,13,13
C00324,31,43748.52,301.48,4,28,2
C00325,31,,940.15,14,172,1
C00326,35,35610.73,159.2,3,3,7
C00327,30,58825.23,858.7,12,170,2
C00328,35,39970.15,61.68,2,3,5
C00329,33,42155.84,98.94,3,17,5
C00330,38,43486.09,868.76,25,73,9
C00331,32,20557.46,434.92,3,48,5
C00332,46,75525.26,5376.62,39,1,2
C00333,29,39588.68,164.32,3,59,3
C00334,51,44000.4,492.34,11,199,1
C00335,40,178041.62,1534.19,20,6,8
C00336,24,40044.15,1127.0110759527076,3,60,4
C00337,48,83553.97,2780.18,28,19,3
C00338,38,32723.05,192.0,7,92,6
C00339,51,95376.56,4217.25,34,2,8
C00340,40,73766.92,722.83,9,175,1
C00341,35,117796.38,3722.19,37,35,6
C00342,56,53925.04,1473.38,18,186,2
C00343,48,39267.61,670.06,7,128,1
C00344,24,38931.89,173.87,1,68,2
C00345,29,37208.0,143.91,6,18,2
C00346,39,58185.64,415.5,5,23,4
C00347,66,54838.92,569.93,6,185,1
C00348,30,39700.77,734.09,22,75,8
C00349,27,68383.72,116.08,3,56,3
C00350,53,56290.26,5631.0,34,5,7
C00351,29,39946.32,97.22,2,8,1
C00352,43,107004.6,3638.43,32,2,5
C00353,22,52882.3,159.47,3,28,2
C00354,31,41823.5,556.8,7,173,6
C00355,33,29788.65,1234.44,18,56,8
C00356,27,55854.54,253.32,2,92,4
C00357,23,36149.84,92.85,2,9,4
C00358,19,28672.52,304.4,4,9,4
C00359,46,43835.26,734.24,18,127,12
C00360,27,41060.25,189.42,3,11,4
C00361,74,50187.84,1296.76,12,177,0
C00362,41,120786.72,4059.16,25,4,8
C00363,52,54520.77,4376.22,32,12,6
C00364,38,86833.93,6279.27,49,4,6
C00365,29,23994.7,200.11,3,1,8
C00366,44,17590.67,688.66,13,15,6
C00367,31,39532.18,206.73,4,6,2
C00368,29,45245.77,228.1,3,61,3
C00369,40,,897.19,21,88,8
C00370,51,70833.65,521.32,12,138,0
C00371,27,105811.92,222.98,5,11,3
C00372,36,52453.6,404.53,22,30,11
C00373,20,50864.14,466.55,12,41,10
C00374,31,56820.79,368.61,23,53,7
C00375,56,65419.29,3113.87,21,20,2
C00376,44,84092.75,1858.49,22,8,4
C00377,49,86677.23,504.94,8,145,0
C00378,39,50506.03,812.96,20,2,9
C00379,36,27963.35,651.7,13,23,9
C00380,25,40149.17,31.36,2,30,3
C00381,28,38847.08,234.26,5,5,4
C00382,42,57588.75,437.69,9,116,2
C00383,34,55508.49,288.22,7,7,5
C00384,26,58089.32,815.87,16,0,6
C00385,42,34746.74,540.99,16,157,9
C00386,56,70635.96,269.92,7,127,0
C00387,22,43394.95,286.21,2,36,4
C00388,49,56540.6,1101.08,10,181,1
C00389,39,93721.55,3450.18,34,39,7
C00390,57,62371.63,316.97,8,169,2
C00391,18,63837.22,0.0,0,19,5
C00392,53,77707.07,3367.78,27,37,5
C00393,42,30534.11,751.17,5,80,6
C00394,20,35331.71,312.27,4,14,5
C00395,53,104612.55,4387.86,35,19,7
C00396,46,48287.58,611.8,24,12,9
C00397,49,58812.62,678.78,10,157,0
C00398,22,38179.9,626.99,15,8,6
C00399,31,50763.33,608.7,17,65,5
C00400,33,72567.46,537.42,24,9,9
C00401,27,43686.0,517.92,14,5,10
C00402,57,52116.46,577.61,8,238,2
C00403,20,51613.07,548.33,7,6,4
C00404,43,97019.4,5195.16,31,5,7
C00405,48,81908.08,873.55,15,159,0
C00406,52,87998.9,252.18,4,208,0
C00407,44,41008.66,689.24,26,33,9
C00408,48,49206.77,443.75,9,138,0
C00409,46,100452.33,2853.07,24,3,10
C00410,51,50418.25,926.99,13,111,1
C00411,38,27697.65,87.71,2,80,4
C00412,24,39449.82,228.41,6,165,4
C00413,58,84625.26,2244.33,27,31,7
C00414,70,105806.61,229.43,6,184,1
C00415,52,80873.75,5023.85,31,17,9
C00416,47,46293.65,472.63,16,73,9
C00417,36,109867.43,4338.9,26,17,9
C00418,32,70585.3,308.24,4,120,5
C00419,43,79997.18,4836.59,33,43,8
C00420,49,55401.53,367.46,6,164,4
C00421,30,40731.85,271.78,3,16,5
C00422,41,78338.09,2120.23,30,11,4
C00423,46,111656.82,3993.21,36,47,6
C00424,53,88261.08,3236.12,35,11,7
C00425,18,43933.78,200.69,5,13,3
C00426,57,43811.16,1283.27,14,194,1
C00427,27,58434.04,511.9,26,39,8
C00428,61,48221.16,325.98,8,157,1
C00429,44,87401.53,2984.21,27,4,7
C00430,63,71178.23,997.1,12,172,1
C00431,61,42632.11,1062.73,15,223,1
C00432,31,40822.76,205.67,3,4,5
C00433,35,55842.71,350.93,4,21,4
C00434,40,101888.02,1139.48,14,243,0
C00435,46,91286.97,2373.48,22,53,4
C00436,52,120481.63,5284.05,33,11,5
C00437,39,75891.58,3591.48,34,11,9
C00438,32,80489.29,471.9,16,53,18
C00439,25,22229.95,318.58,5,41,6
C00440,30,31584.6,103.35,2,42,3
C00441,49,120098.69,939.05,12,107,1
C00442,43,81176.83,4203.42,32,50,8
C00443,20,49821.95,291.56,4,33,8
C00444,49,121513.82,2486.64,45,10,6
C00445,52,30615.99,411.35,17,7,7
C00446,23,44201.49,135.9,4,31,3
C00447,70,59686.47,640.73,11,233,0
C00448,36,35375.14,440.05,6,100,2
C00449,43,123190.74,1899.83,21,58,6
C00450,20,51998.67,239.52,4,61,4
C00451,22,100423.6,1781.06,21,9,9
C00452,41,55264.1,223.11,6,146,0
C00453,26,40905.67,125.14,3,25,3
C00454,39,84967.34,7881.51,40,0,10
C00455,53,102061.36,2377.19,25,6,5
C00456,48,102087.45,4564.23,33,8,2
C00457,70,33410.41,508.2,6,109,0
C00458,35,43545.42,1129.32,22,16,5
C00459,29,43079.16,334.4,3,28,4
C00460,18,57471.8,433.32,6,11,5
C00461,28,45910.87,201.82,3,2,3
C00462,50,86773.66,5265.92,31,7,4
C00463,54,80326.53,960.77,7,172,0
C00464,33,62312.0,406.88,11,2,14
C00465,27,42223.8,629.76,7,47,3
C00466,36,71855.01,0.0,0,8,4
C00467,23,47683.31,237.36,5,2,1
C00468,74,63254.32,621.46,7,217,0
C00469,35,91131.45,3538.83,34,28,2
C00470,34,27664.59,520.22,13,12,11
C00471,43,,808.2,29,81,9
C00472,27,41242.16,282.86,15,34,12
C00473,39,60192.19,3425.06,30,2,11
C00474,38,113698.34,3016.32,36,47,4
C00475,42,28425.26,659.26,14,33,4
C00476,33,43123.93,537.47,20,28,4
C00477,31,37488.34,525.52,17,43,8
C00478,34,46164.52,216.09,6,30,5
C00479,31,39674.67,58.95,3,15,6
C00480,23,45195.83,700.0,23,3,7
C00481,19,40325.63,717.35,24,58,6
C00482,27,103414.06,4633.89,36,15,6
C00483,22,40034.51,78.68,3,59,5
C00484,28,29355.04,1320.15,21,24,11
C00485,44,45162.28,2172.48,25,6,7
C00486,21,57930.32,227.63,12,9,4
C00487,23,45705.08,356.96,14,24,9
C00488,24,24559.89,380.52,16,15,10
C00489,18,34996.93,205.44,3,10,5
C00490,25,44021.4,215.54,6,40,6
C00491,18,30686.28,518.68,9,79,4
C00492,31,32391.95,321.17,6,2,2
C00493,33,48609.44,62.05,2,98,5
C00494,28,32883.47,427.39,15,17,14
C00495,38,38946.61,185.84,3,35,5
C00496,20,30262.55,236.02,4,147,3
C00497,49,44084.94,633.49,18,26,1
C00498,39,53451.75,129.36,3,11,0
C00499,36,34011.04,1346.32,22,31,10
C00500,47,52787.27,761.04,20,29,12
C00501,27,38408.18,133.71,3,5,3
C00502,38,53955.83,1235.29,14,131,2
C00503,56,52931.97,306.78,6,202,0
C00504,51,56268.56,506.45,19,58,9
C00505,20,56540.74,0.0,0,58,2
C00506,20,36269.66,396.92,6,1,4
C00507,36,45451.95,265.13,11,12,20
C00508,36,53831.67,750.2,12,149,1
C00509,35,,656.32,21,4,9
C00510,44,83920.18,2296.0,23,13,4
C00511,40,73808.23,4921.48,30,11,4
C00512,57,59808.1,812.86,14,261,0
C00513,50,96863.41,2342.8,22,31,6
C00514,29,78732.03,428.31,19,8,10
C00515,34,65673.0,768.15,19,47,8
C00516,45,87957.47,4230.32,23,19,6
C00517,26,36427.39,895.78,19,86,9
C00518,36,62920.31,100.43,4,4,4
C00519,41,61005.69,3596.58,23,31,6
C00520,57,59935.53,587.16,7,321,1
C00521,40,94701.01,670.8,11,171,1
C00522,32,30806.26,502.08,12,41,8
C00523,43,88350.41,4159.81,36,3,10
C00524,29,44870.87,215.13,3,21,2
C00525,43,95362.38,8162.24,30,3,3
C00526,35,41795.24,1819.29,21,44,13
C00527,42,83025.2,920.97,11,175,0
C00528,47,34941.06,428.79,11,176,0
C00529,26,45391.44,405.31,8,114,3
C00530,26,54489.82,531.17,18,43,8
C00531,28,42047.73,277.65,4,16,6
C00532,24,27903.56,275.43,5,60,1
C00533,39,61594.99,394.03,22,89,5
C00534,30,28627.95,65.79,2,19,4
C00535,38,59913.27,2261.61,26,63,10
C00536,36,82336.73,3031.26,23,6,8
C00537,21,36014.37,573.88,6,23,3
C00538,48,65203.25,4152.46,26,16,3
C00539,66,128219.81,1375.06,29,25,5
C00540,62,58876.78,397.24,10,152,1
C00541,43,31366.96,776.28,6,189,1
C00542,26,34632.67,227.56,3,28,3
C00543,44,52039.75,701.27,13,184,0
C00544,42,59594.01,1024.9,13,182,0
C00545,36,85177.5,3815.53,25,4,11
C00546,40,40847.28,953.4,25,7,4
C00547,36,52852.4,418.18,17,1,7
C00548,44,75259.91,3082.05,25,55,10
C00549,23,41057.13,101.99,3,32,2
C00550,43,24842.43,457.19,14,8,13
C00551,21,44348.81,267.75,15,48,7
C00552,46,69778.62,2778.24,30,0,6
C00553,38,70401.89,5510.58,28,14,3
C00554,51,70324.73,441.89,6,137,0
C00555,55,76398.2,3184.35,31,14,6
C00556,52,,665.14,18,25,8
C00557,46,34062.2,354.2,14,33,11
C00558,42,63551.23,386.84,21,4,17
C00559,28,41706.17,365.49,5,3,8
C00560,42,29565.13,563.27,18,8,6
C00561,49,76068.77,3662.61,30,27,5
C00562,32,46872.7,995.39,21,23,11
C00563,57,77235.38,853.05,15,188,1
C00564,32,60196.04,241.36,5,12,3
C00565,29,61200.88,402.37,8,11,5
C00566,37,41706.77,236.82,4,21,4
C00567,27,54523.33,123.27,1,86,4
C00568,34,95926.88,4232.31,41,27,4
C00569,53,33524.91,802.26,17,9,11
C00570,35,42460.61,106.58,3,7,2
C00571,25,56051.01,486.59,22,42,10
C00572,59,60914.57,1301.39,14,177,2
C00573,33,46341.8,502.6,15,1,9
C00574,30,48400.11,354.65,4,26,1
C00575,55,59298.58,1168.22,16,33,1
C00576,28,31658.66,354.3,13,20,8
C00577,43,52695.27,832.85,11,120,0
C00578,19,43155.31,183.86,3,7,2
C00579,47,70632.95,700.03,6,240,1
C00580,56,36879.65,1438.92,23,152,11
C00581,22,52403.12,1100.51,28,79,7
C00582,33,41235.48,649.87,5,62,2
C00583,56,105283.86,8003.25,31,24,7
C00584,25,55511.95,578.38,18,20,8
C00585,57,44623.39,1878.23,14,188,2
C00586,36,82488.98,97.62,2,24,2
C00587,41,73539.85,2250.42,25,14,5
C00588,42,41786.57,517.4,14,59,14
C00589,62,88539.66,2166.78,25,9,5
C00590,53,75254.46,6868.08,28,15,1
C00591,70,59232.05,649.65,16,94,2
C00592,28,74697.73,1345.54,22,13,6
C00593,41,41661.39,544.8,19,58,5
C00594,28,36091.04,69.28,3,57,7
C00595,54,106276.71,2718.23,23,8,6
C00596,39,43078.79,335.26,17,80,6
C00597,36,54296.96,367.28,6,87,5
C00598,30,53390.57,293.7,4,18,2
C00599,45,59930.89,414.46,9,205,1
C00600,34,40019.16,458.31,7,4,4
C00601,26,23425.59,361.45,18,18,9
C00602,37,31458.61,413.15,4,19,0
C00603,47,50013.47,438.69,7,171,3
C00604,18,67662.27,448.72,6,126,5
C00605,43,24139.22,583.79,10,157,1
C00606,35,50776.46,63.74,2,101,4
C00607,51,55241.21,735.66,13,29,1
C00608,33,95633.93,2842.01,28,23,7
C00609,29,33633.79,322.2,6,64,9
C00610,33,45144.16,667.81,17,46,12
C00611,33,35632.04,146.06,4,0,6
C00612,28,43043.53,908.4212656024941,4,4,1
C00613,36,77351.39,2498.17,13,94,3
C00614,63,47181.77,377.11,7,255,0
C00615,34,55955.73,405.24,14,92,7
C00616,23,39245.06,248.14,4,40,7
C00617,26,45574.92,78.38,3,23,2
C00618,40,81171.3,882.46,14,37,11
C00619,30,100886.63,6570.17,30,23,7
C00620,23,78809.76,3109.56,22,17,5
C00621,35,37704.04,136.56,2,20,2
C00622,44,40684.44,471.08,20,28,5
C00623,58,73029.82,686.19,9,242,0
C00624,40,41533.35,347.11,13,6,10
C00625,47,44326.54,721.37,13,246,0
C00626,30,45802.2,1154.98,22,8,9
C00627,23,37592.13,191.58,2,2,4
C00628,47,126096.28,3371.59,29,5,5
C00629,24,24307.97,194.82,3,3,7
C00630,37,48095.8,1048.3,9,191,0
C00631,49,86328.07,449.07,8,204,2
C00632,41,88534.54,477.14,8,153,1
C00633,36,59960.14,4877.0,35,0,7
C00634,18,61120.84,185.78,9,9,10
C00635,54,135962.23,3544.56,32,9,8
C00636,45,63339.53,4803.2,37,8,6
C00637,32,34632.37,176.35,2,24,5
C00638,24,36433.57,670.58,8,34,4
C00639,21,44609.96,117.43,2,9,3
C00640,64,31153.87,743.02,7,207,0
C00641,18,53566.72,61.06,3,15,3
C00642,65,79366.8,709.2,11,182,1
C00643,47,51677.36,2520.07,33,29,4
C00644,35,56772.21,383.81,22,41,14
C00645,32,21681.91,246.48,4,31,5
C00646,72,78788.41,734.83,9,181,1
C00647,54,82333.7,3437.9,31,11,4
C00648,37,43882.9,655.39,17,29,6
C00649,26,33539.37,142.14,2,12,5
C00650,44,92922.4,4301.67,30,26,8
C00651,34,73501.91,178.49,8,3,11
C00652,63,59440.02,200.33,7,176,0
C00653,31,36148.94,315.74,7,15,5
C00654,38,43513.52,519.89,18,35,14
C00655,61,65541.96,1996.81,13,189,1
C00656,22,38556.97,758.11,18,19,6
C00657,44,84159.84,699.87,13,279,1
C00658,31,50614.4,566.58,21,58,12
C00659,33,28481.04,83.05,2,96,7
C00660,28,62459.29,731.26,24,16,8
C00661,28,42026.19,850.31,25,98,8
C00662,61,,778.06,9,161,0
C00663,58,65363.84,3244.63,34,1,13
C00664,53,70443.36,3420.64,26,6,8
C00665,23,66123.54,2123.3,25,41,14
C00666,36,39279.37,117.05,2,16,9
C00667,67,49692.92,702.31,10,273,1
C00668,54,59571.54,850.93,12,249,1
C00669,18,50617.52,1055.92,22,36,11
C00670,56,23609.11,1320.92,17,1,14
C00671,53,166035.52,1867.21,30,2,11
C00672,35,32021.03,73.99,2,65,6
C00673,60,44874.15,879.54,13,271,0
C00674,41,37581.09,106.68,5,83,4
C00675,32,30065.78,504.65,8,43,6
C00676,20,48282.96,705.68,18,7,9
C00677,36,63704.29,148.65,8,224,0
C00678,32,59665.46,851.99,14,27,3
C00679,55,116068.46,2271.63,27,0,4
C00680,40,59657.08,426.7,17,21,15
C00681,44,125240.69,6472.04,29,38,4
C00682,35,82700.01,4103.4,29,1,6
C00683,38,75655.47,4931.08,29,5,9
C00684,18,48273.08,306.25,17,12,5
C00685,22,30921.26,343.1,5,20,2
C00686,33,61149.26,839.55,23,150,7
C00687,37,59167.37,575.71,19,73,12
C00688,40,70447.84,1096.24,12,169,1
C00689,19,48792.7,339.44,6,30,4
C00690,32,40856.25,220.7,4,1,5
C00691,30,49258.49,477.26,19,10,9
C00692,51,52839.48,1579.45,12,72,1
C00693,39,26418.13,468.22,16,44,10
C00694,40,62570.17,859.72,20,96,5
C00695,48,68518.23,824.45,9,209,0
C00696,24,39938.98,207.31,5,52,5
C00697,29,24516.3,112.06,3,17,5
C00698,27,55714.39,570.11,6,98,3
C00699,24,42617.85,135.05,4,203,10
C00700,41,56777.34,835.51,18,0,6
C00701,23,41263.14,356.12,15,108,9
C00702,57,39461.06,307.35,10,56,14
C00703,37,94542.42,7549.12,30,14,8
C00704,63,54340.67,472.02,8,117,1
C00705,38,60992.06,505.98,19,8,11
C00706,35,43984.89,467.91,6,61,1
C00707,37,55120.47,245.63,5,9,2
C00708,44,37722.76,158.44,4,39,6
C00709,40,24004.68,1086.36,19,46,11
C00710,34,56590.68,876.32,16,6,7
C00711,55,58699.91,1200.69,7,196,2
C00712,32,18285.79,117.4,3,12,7
C00713,38,,457.75,9,187,0
C00714,52,93005.5,902.25,13,204,1
C00715,28,78359.5,134.39,2,12,4
C00716,53,100786.46,3358.24,35,0,9
C00717,27,41552.12,357.62,4,63,2
C00718,38,136487.57,4786.08,34,19,2
C00719,39,40999.53,105.37,4,6,6
C00720,64,56238.71,952.61,9,207,1
C00721,45,66421.32,458.85,18,7,5
C00722,50,48808.79,1025.9,19,21,9
C00723,42,85355.2,2982.93,29,20,10
C00724,49,52184.3,1264.57,12,259,2
C00725,40,105011.8,3298.07,29,7,4
C00726,34,103601.45,8504.2,32,9,5
C00727,52,40444.8,333.42,15,13,9
C00728,35,110592.65,4770.73,25,32,3
C00729,51,79735.48,360.88,17,37,8
C00730,42,36361.25,752.36,18,39,12
C00731,27,54955.76,1180.65,16,11,8
C00732,56,132066.42,6742.73,27,4,6
C00733,44,70095.67,9731.2,38,2,12
C00734,26,33684.88,430.09,23,0,9
C00735,43,113689.68,4494.58,36,26,9
C00736,28,39187.19,141.46,3,13,5
C00737,45,64547.82,4571.23,28,6,6
C00738,34,69074.66,2107.14,22,43,9
C00739,51,52337.7,1564.26,23,1,8
C00740,22,38952.93,596.47,23,7,7
C00741,45,76961.68,2718.42,28,56,5
C00742,58,80172.36,3551.81,27,8,5
C00743,39,67958.84,646.71,9,120,0
C00744,46,90713.59,4272.38,25,28,5
C00745,32,68781.85,457.52,16,23,8
C00746,48,39202.46,553.54,15,6,6
C00747,35,56469.72,729.1,20,28,9
C00748,42,56864.29,955.57,20,29,10
C00749,33,54413.99,107.35,3,37,3
C00750,35,92474.57,855.97,8,122,2
C00751,31,74949.22,1207.08,22,77,9
C00752,49,26353.04,1045.41,14,8,12
C00753,25,30843.15,615.68,21,3,8
C00754,30,30705.17,507.52,19,37,10
C00755,33,47086.43,0.0,0,18,9
C00756,39,44273.53,860.17,16,83,7
C00757,28,32575.75,215.17,14,47,11
C00758,39,53234.15,809.18,15,80,0
C00759,55,63162.81,7817.24,35,6,3
C00760,39,61594.1,702.06,18,8,11
C00761,23,61892.17,253.44,5,46,5
C00762,57,57836.97,2179.98,35,7,5
C00763,46,106915.28,2030.1,23,10,7
C00764,58,69241.1,5621.18,31,36,5
C00765,52,67128.82,327.11,8,173,0
C00766,50,120510.55,4240.22,43,11,5
C00767,56,122579.87,3558.05,28,36,5
C00768,45,82780.94,5031.66,33,9,6
C00769,47,92606.94,6619.21,31,7,7
C00770,33,41618.87,560.1,6,3,8
C00771,35,70945.66,565.35,15,2,7
C00772,34,,99.08,2,19,0
C00773,25,87584.54,242.93,2,26,4
C00774,41,64722.82,288.45,7,138,0
C00775,42,88256.57,3641.79,25,33,4
C00776,64,48087.26,838.86,11,186,3
C00777,23,40067.05,26.38,1,0,5
C00778,36,83065.93,6238.32,37,27,12
C00779,35,39830.76,205.67,3,28,0
C00780,28,85107.56,980.95,11,207,0
C00781,38,33243.5,418.28,15,9,8
C00782,46,70837.78,578.64,8,248,2
C00783,35,64012.4,357.12,17,10,7
C00784,28,32230.19,287.13,6,18,5
C00785,59,55509.13,702.1,13,212,2
C00786,33,56728.96,888.54,18,18,8
C00787,53,58864.49,1276.42,14,249,0
C00788,41,59954.24,800.86,17,60,7
C00789,19,50828.61,244.66,7,0,8
C00790,25,33598.29,255.16,4,62,1
C00791,51,81365.65,4901.22,27,8,9
C00792,50,42837.96,608.86,21,13,9
C00793,33,75371.81,584.66,24,136,9
C00794,51,119127.84,4661.37,42,19,7
C00795,51,110647.42,2864.02,22,4,5
C00796,20,42593.85,453.85,16,57,2
C00797,45,109486.92,5958.13,41,22,4
C00798,48,84408.97,6054.6,34,35,7
C00799,19,34949.88,0.0,0,41,4
C00800,20,30995.66,60.61,1,8,4
C00801,32,40118.73,162.1,3,29,6
C00802,29,39478.82,1198.14,21,104,7
C00803,55,57585.43,353.01,6,222,1
C00804,24,35821.06,269.54,6,50,2
C00805,38,71544.49,5004.95,26,4,5
C00806,51,105703.32,3169.43,30,2,6
C00807,23,27979.46,129.02,4,40,10
C00808,45,70010.66,2925.03,31,26,3
C00809,38,40631.44,453.34,17,20,4
C00810,53,48883.63,763.9,10,189,0
C00811,45,60216.96,2549.35,24,2,6
C00812,60,150466.86,4648.02,26,39,7
C00813,33,52728.52,1196.61,13,189,0
C00814,23,54891.88,169.56,4,29,4
C00815,49,97321.61,3308.82,31,8,3
C00816,55,87021.41,893.99,9,135,0
C00817,48,55540.78,762.09,18,54,0
C00818,23,32582.77,344.4,5,5,9
C00819,31,45056.55,118.38,5,90,4
C00820,27,33291.58,1456.82,19,45,4
C00821,30,85351.87,5235.41,25,19,8
C00822,32,54317.94,386.09,5,20,7
C00823,37,56095.88,626.86,18,50,5
C00824,38,25848.46,432.34,5,15,6
C00825,56,52529.04,290.65,6,140,0
C00826,33,94869.71,61673.6606365506,27,60,4
C00827,31,45269.89,425.09,4,59,5
C00828,33,23154.2,1002.7,21,24,10
C00829,39,48974.22,1364.8,11,176,3
C00830,46,65746.5,325.8,24,34,4
C00831,24,36664.03,143.69,2,9,7
C00832,22,46603.36,99.29,2,14,5
C00833,37,53812.89,417.72,13,24,9
C00834,32,38132.43,158.59,3,3,6
C00835,32,47487.32,254.97,6,47,5
C00836,25,58179.77,108.72,2,2,5
C00837,31,34783.28,318.4,4,39,3
C00838,48,64996.61,761.1,12,144,4
C00839,36,51758.03,346.03,13,41,15
C00840,42,64384.48,291.6,18,2,10
C00841,63,113527.9,6068.97,35,4,3
C00842,27,26456.19,573.65,6,8,3
C00843,19,33129.97,358.09,5,58,4
C00844,38,40966.31,455.14,18,12,9
C00845,47,83767.92,3522.96,28,21,5
C00846,41,65946.62,770.17,8,94,0
C00847,33,68483.87,913.06,35,29,10
C00848,36,41634.24,160.02,2,28,2
C00849,41,125964.95,7032.82,33,7,7
C00850,65,54721.61,619.75,10,170,0
C00851,43,86633.23,6069.13,31,25,6
C00852,35,63225.46,2862.82,26,12,6
C00853,50,43097.45,572.68,7,240,2
C00854,53,42669.31,399.19,15,189,2
C00855,44,84455.28,2098.37,26,25,8
C00856,31,20263.56,432.84,17,18,7
C00857,36,47710.83,493.18,4,3,4
C00858,53,61877.98,1002.36,9,181,1
C00859,40,49393.03,425.88,18,44,13
C00860,33,62004.06,454.65,20,39,10
C00861,30,66677.26,384.85,6,10,2
C00862,25,47062.85,146.47,2,16,7
C00863,32,59906.88,294.34,4,29,2
C00864,22,34325.58,357.12,8,0,2
C00865,44,69087.91,3548.94,26,15,8
C00866,47,67880.51,332.68,6,142,1
C00867,57,76047.49,757.87,11,93,1
C00868,22,35588.64,219.14,2,48,2
C00869,43,66377.01,5949.69,33,34,2
C00870,52,131707.42,8439.13,25,7,6
C00871,34,58884.15,58.37,1,27,2
C00872,47,59230.92,5107.39,26,9,8
C00873,52,60232.38,298.16,5,131,4
C00874,34,50095.21,389.07,24,11,14
C00875,32,74067.28,629.63,5,110,5
C00876,25,64211.92,611.2,9,185,2
C00877,53,41126.0,995.45,23,10,10
C00878,36,31934.85,994.21,21,31,9
C00879,26,55269.0,97.24,2,32,3
C00880,30,36852.34,67.22,1,27,3
C00881,28,37606.0,384.74,16,11,8
C00882,25,39578.82,0.0,0,13,4
C00883,40,65076.03,1123.18,8,192,0
C00884,24,72673.64,419.23,17,25,12
C00885,49,91165.18,4926.37,34,19,8
C00886,31,62389.67,437.35,18,16,10
C00887,41,68758.52,912.83,21,22,8
C00888,20,93793.1,6936.46,28,4,9
C00889,44,95382.67,3214.5,19,5,6
C00890,18,31909.05,68.22,3,13,4
C00891,38,66004.51,391.82,12,27,9
C00892,53,45860.79,201.52,5,201,3
C00893,36,66296.49,1608.68,23,32,9
C00894,45,57977.8,6689.45,34,17,2
C00895,21,20618.81,188.99,4,14,7
C00896,63,96400.96,455.4,12,255,2
C00897,34,50645.94,489.42,17,20,5
C00898,41,108099.33,2080.09,31,8,4
C00899,53,97737.22,3187.35,28,10,11
C00900,31,41029.83,145.79,5,34,2
C00901,41,43976.8,331.17,9,21,9
C00902,53,48130.63,775.9,20,0,11
C00903,56,71248.5,5505.76,35,0,10
C00904,28,53275.85,488.86,18,10,8
C00905,42,64322.66,1595.37,13,170,1
C00906,29,28769.14,518.16,6,16,3
C00907,39,55386.01,675.35,20,7,6
C00908,53,103110.74,1459.31,26,13,3
C00909,48,59199.37,309.97,22,17,5
C00910,34,33078.94,710.31,21,18,11
C00911,28,89426.99,326.83,7,64,2
C00912,50,51068.61,1287.93,12,155,0
C00913,52,53607.77,2339.05,15,236,2
C00914,61,78545.25,451.38,11,223,0
C00915,43,47630.1,1651.63,11,175,1
C00916,46,83940.52,714.11,9,157,2
C00917,53,83043.45,3380.89,24,17,7
C00918,39,73367.21,3942.34,31,3,3
C00919,34,48153.05,1597.96,24,14,10
C00920,27,81552.95,161.76,4,4,4
C00921,50,77970.13,4477.75,27,3,4
C00922,36,62003.35,845.17,14,133,0
C00923,23,41404.75,129.25,6,5,10
C00924,30,,255.26,4,89,3
C00925,39,69967.56,4212.25,35,1,6
C00926,50,59925.63,876.44,14,10,14
C00927,43,64861.65,4535.11,29,0,5
C00928,54,89841.23,1188.71,10,222,0
C00929,22,39688.26,631.09,7,44,4
C00930,27,47306.34,112.0,3,130,3
C00931,40,20783.02,690.83,12,10,12
C00932,35,35633.44,758.58,22,11,7
C00933,29,40719.76,1137.47,17,75,7
C00934,23,23464.7,80.71,2,5,2
C00935,27,,148.31,3,40,5
C00936,50,61777.37,6516.08,37,12,6
C00937,48,81873.67,272.26,10,132,1
C00938,35,74988.19,4115.54,30,22,4
C00939,46,54896.47,537.78,10,210,0
C00940,34,94784.45,6477.99,29,3,8
C00941,37,38294.93,1128.99,19,24,7
C00942,48,52300.54,652.43,10,147,0
C00943,44,64227.5,6733.12,35,11,4
C00944,29,58175.28,411.07,13,16,7
C00945,42,43968.24,388.83,21,2,14
C00946,33,36170.06,329.45,14,17,5
C00947,25,69008.44,460.39,6,113,7
C00948,45,72946.59,921.25,10,137,1
C00949,50,51190.19,715.35,8,114,1
C00950,44,37272.03,773.38,15,16,12
C00951,30,,191.07,2,208,6
C00952,53,48591.16,1176.69,19,38,5
C00953,40,44920.41,1310.12,24,43,9
C00954,32,77301.59,4042.88,22,21,5
C00955,66,83114.23,297.18,6,189,2
C00956,51,33725.23,587.4,13,221,4
C00957,31,38722.53,172.18,5,65,2
C00958,33,38545.42,527.72,17,7,11
C00959,28,54025.65,252.14,12,30,10
C00960,32,55746.66,258.08,5,45,3
C00961,24,31102.0,294.87,4,10,9
C00962,36,72732.68,800.11,22,15,7
C00963,48,83378.73,4368.84,36,10,6
C00964,43,78346.49,3256.83,16,2,4
C00965,39,43168.65,1217.87,15,160,1
C00966,19,45178.47,1082.51,24,12,8
C00967,49,46978.13,348.2,4,268,2
C00968,43,64521.05,3688.11,29,7,6
C00969,25,35334.29,247.58,7,54,4
C00970,38,92077.63,3397.09,28,3,4
C00971,26,44843.57,429.43,22,39,9
C00972,50,124508.89,3404.57,34,9,7
C00973,60,60894.96,3742.09,27,12,7
C00974,39,52727.24,838.42,7,213,2
C00975,24,31504.2,755.3,19,8,8
C00976,30,24730.78,119.77,1,35,2
C00977,35,72630.01,1106.6,18,30,9
C00978,39,51347.14,634.59,19,118,10
C00979,27,32667.82,399.89,3,101,2
C00980,64,92160.96,5242.02,30,50,3
C00981,49,53549.25,1138.17,16,188,1
C00982,58,80600.1,654.04,11,249,0
C00983,23,27285.7,102.12,3,8,4
C00984,20,46136.27,728.2,26,94,8
C00985,34,79231.81,5620.51,29,25,7
C00986,42,93188.15,545.59,13,126,1
C00987,38,42886.31,1116.95,16,15,15
C00988,44,87937.19,5078.35,32,1,5
C00989,35,49444.04,718.61,16,69,13
C00990,33,31029.55,609.36,6,26,0
C00991,35,69229.89,481.05,6,4,4
C00992,38,38683.83,260.12,4,16,0
C00993,24,32425.61,155.28,2,7,2
C00994,51,82544.29,7894.24,24,4,10
C00995,35,65921.22,605.98,13,170,1
C00996,48,40286.6,268.99,14,16,10
C00997,32,49678.78,186.4,4,29,6
C00998,33,78039.52,3448.64,31,8,9
C00999,65,61999.35,659.52,11,192,2
C01000,37,49390.29,296.7,14,6,8
C01001,29,75769.29,5171.33,31,8,6
C01002,40,41891.44,715.64,18,9,9
C01003,34,82906.42,5989.55,33,11,5
C01004,56,55532.85,6141.33,28,65,1
C01005,26,54718.47,94.21,2,2,4
C01006,34,62576.27,1194.94,24,13,5
C01007,58,33902.92,1562.94,17,127,0
C01008,47,43708.25,669.19,18,53,7
C01009,31,44291.4,77.56,2,54,6
C01010,28,29633.27,832.8,22,14,13
C01011,27,31342.31,168.56,4,51,5
C01012,26,57294.2,561.31,7,40,2
C01013,40,57665.15,430.28,12,19,4
C01014,44,113146.91,913.77,9,141,1
C01015,27,48842.52,393.86,10,24,12
C01016,53,81485.93,2924.94,30,39,5
C01017,30,47852.71,182.42,2,14,10
C01018,28,60563.31,344.72,6,188,2
C01019,47,73030.94,6705.02,38,0,3
C01020,27,56397.16,518.25,13,8,8
C01021,31,52282.33,433.6,7,210,1
C01022,24,42191.11,157.02,3,11,7
C01023,53,75976.28,954.87,16,164,2
C01024,24,51599.46,367.74,5,6,6
C01025,32,27945.79,0.0,0,78,6
C01026,30,,648.72,21,35,8
C01027,52,90779.24,458.48,8,131,3
C01028,42,55471.04,500.67,18,123,5
C01029,37,33619.98,88.92,4,62,4
C01030,26,52061.88,333.14,18,0,6
C01031,23,48331.13,153.72,3,32,1
C01032,24,37820.54,281.22,3,1,2
C01033,37,41530.38,504.15,21,24,15
C01034,55,85756.82,896.77,13,269,3
C01035,24,50100.0,1273.37,22,24,12
C01036,38,57578.39,269.83,7,55,5
C01037,19,81362.66,1072.16,21,13,7
C01038,50,30752.1,750.9,16,12,7
C01039,34,32792.39,1031.89,14,27,8
C01040,40,86223.99,5800.07,31,0,7
C01041,55,71704.54,5007.03,43,1,3
C01042,33,40837.67,80.28,1,85,4
C01043,39,35754.18,117.87,2,43,2
C01044,27,44125.52,714.47,9,27,5
C01045,52,83335.57,2214.41,24,14,4
C01046,39,44216.29,545.75,21,46,13
C01047,51,108778.4,4932.5,25,0,2
C01048,29,33279.5,1019.38,5,10,9
C01049,53,64393.04,1577.73,13,202,1
C01050,33,41545.74,765.0,17,9,8
C01051,30,56051.81,505.82,6,79,3
C01052,48,65389.01,2870.07,27,10,9
C01053,31,56960.65,183.19,21,8,5
C01054,39,88196.76,3111.04,24,34,6
C01055,49,23417.67,681.66,20,43,9
C01056,19,27350.54,194.48,4,19,5
C01057,40,77332.07,2161.22,10,242,1
C01058,37,102392.49,4984.1,37,0,5
C01059,32,60150.16,167.45,5,19,5
C01060,23,38121.22,185.46,6,6,3
C01061,62,42859.24,724.13,13,153,0
C01062,19,22766.92,744.16,10,6,1
C01063,25,39022.43,443.59,14,91,6
C01064,25,,153.95,5,0,5
C01065,31,67648.92,628.67,16,57,7
C01066,49,39130.97,1040.59,16,218,2
C01067,37,51237.86,569.4,16,11,6
C01068,28,46766.69,540.66,6,10,4
C01069,51,103002.19,4374.07,27,1,7
C01070,37,53036.69,611.46,24,31,10
C01071,40,61856.11,528.88,7,235,1
C01072,33,51745.3,61.85,3,3,5
C01073,46,38347.72,270.94,16,29,8
C01074,42,57245.84,1574.72,17,179,1
C01075,37,37669.88,1257.56,11,212,1
C01076,39,83371.93,990.57,25,10,12
C01077,24,56361.73,133.7,2,20,2
C01078,43,32908.67,283.93,15,12,10
C01079,31,30631.16,457.57,5,24,3
C01080,61,45948.4,206.03,11,19,10
C01081,36,68908.05,490.32,20,33,18
C01082,63,89363.58,574.25,8,180,3
C01083,38,53819.78,450.68,11,168,0
C01084,36,109059.44,1207.17,17,167,0
C01085,47,66248.67,452.58,10,229,1
C01086,29,50095.48,277.87,7,25,6
C01087,39,70715.99,90.95,2,30,3
C01088,36,26588.57,353.12,3,107,5
C01089,34,64640.04,411.37,11,10,7
C01090,43,39262.28,623.07,28,1,8
C01091,39,30416.68,965.0,24,42,9
C01092,29,49916.65,197.48,5,3,8
C01093,19,81835.11,682.69,17,28,5
C01094,18,30540.31,832.76,17,128,6
C01095,23,37817.25,57.86,3,16,3
C01096,34,29832.38,1891.64,28,2,8
C01097,52,79123.69,1960.91,17,23,5
C01098,41,66758.0,1005.27,11,259,2
C01099,46,74032.45,1742.86,19,244,2
C01100,44,75341.9,4298.96,26,4,8
C01101,42,57435.77,5162.76,28,1,3
C01102,47,61065.55,582.71,14,5,6
C01103,22,59499.83,121.54,2,51,3
C01104,45,82606.79,1973.32,10,282,2
C01105,44,107065.75,6079.91,37,6,4
C01106,31,40000.09,728.27,8,16,5
C01107,56,76680.16,4502.04,30,21,6
C01108,42,41156.81,983.4,19,27,12
C01109,48,57104.62,783.34,13,146,1
C01110,51,77940.49,6955.05,32,23,8
C01111,37,90141.37,3226.28,19,49,2
C01112,51,44561.31,868.98,17,22,7
C01113,35,42115.94,34.88,1,26,2
C01114,43,48281.96,206.11,4,209,1
C01115,69,73364.65,1154.69,13,183,1
C01116,52,84303.3,2912.46,27,21,7
C01117,42,80435.38,2764.59,30,7,10
C01118,32,47850.94,138.84,2,22,3
C01119,30,,534.3,16,4,9
C01120,47,50493.98,632.88,8,247,1
C01121,31,27668.67,77.8,1,51,3
C01122,39,94349.36,6743.84,31,11,5
C01123,49,63294.19,836.57,10,314,2
C01124,50,134576.01,2204.46,32,2,5
C01125,49,34287.65,1526.64,27,5,12
C01126,31,,316.36,6,22,4
C01127,41,24485.0,1403.0,16,5,12
C01128,34,64858.63,187.82,4,36,7
C01129,28,49466.32,463.21,5,72,6
C01130,39,43453.06,289.27,6,119,0
C01131,47,85142.91,488.1,8,199,4
C01132,48,66536.95,1420.74,18,0,11
C01133,53,133146.46,2529.71,22,5,6
C01134,30,36529.8,250.55,8,92,4
C01135,55,71630.36,886.98,12,172,1
C01136,50,62402.27,306.24,13,4,11
C01137,39,44239.96,559.4,24,38,8
C01138,52,50965.51,1321.97,24,60,8
C01139,42,96727.57,3635.62,39,13,6
C01140,30,24892.17,242.22,3,25,6
C01141,41,36237.7,1130.71,16,10,8
C01142,30,37978.58,688.67,8,72,4
C01143,56,80630.42,981.23,12,168,4
C01144,30,68325.06,767.37,9,169,0
C01145,26,47252.28,390.28,15,3,15
C01146,47,75749.55,393.51,13,71,10
C01147,18,48394.36,496.33,4,37,1
C01148,56,45134.68,464.0,8,187,3
C01149,43,33778.62,586.72,18,16,10
C01150,51,55525.18,261.48,6,145,2
C01151,27,107682.88,4535.69,32,18,5
C01152,64,51866.45,443.91,10,196,0
C01153,29,75779.61,4154.82,28,17,7
C01154,49,66065.02,4548.01,23,23,2
C01155,26,55867.27,0.0,0,55,3
C01156,46,94743.29,7480.98,40,48,4
C01157,29,97956.9,5389.72,31,40,5
C01158,44,84159.87,3730.1,21,1,4
C01159,28,25264.83,605.2,22,58,4
C01160,34,42705.38,336.14,5,62,7
C01161,56,115835.0,5608.04,42,25,3
C01162,19,37115.63,127.03,2,13,5
C01163,38,102616.13,591.28,11,201,0
C01164,49,77664.3,9399.31,30,14,9
C01165,59,118220.31,6864.41,30,31,8
C01166,67,53618.6,701.81,7,122,3
C01167,51,61735.67,212.66,8,226,0
C01168,24,21917.25,434.87,9,8,3
C01169,41,56508.72,868.62,9,185,1
C01170,47,87115.77,5023.22,24,18,5
C01171,25,39482.38,377.56,17,26,6
C01172,18,34196.26,24.3,1,17,7
C01173,32,44139.89,525.99,17,27,9
C01174,32,57953.49,97.02,2,2,4
C01175,21,53568.46,483.26,14,12,11
C01176,28,38800.28,221.95,2,9,5
C01177,54,59091.2,427.15,14,35,7
C01178,42,54887.93,418.94,18,14,5
C01179,52,65783.33,1704.37,22,4,9
C01180,32,69290.07,4250.43,32,43,6
C01181,25,55998.14,54.05,1,76,4
C01182,43,78294.19,2958.39,20,2,4
C01183,28,88240.97,4016.25,28,25,4
C01184,44,93457.25,4449.89,30,6,5
C01185,26,72478.25,6546.79,27,2,9
C01186,49,46817.43,337.4,5,136,1
C01187,45,61118.08,666.18,22,6,5
C01188,51,79657.94,424.24,9,160,0
C01189,47,,2891.16,25,33,7
C01190,18,40322.68,360.93,5,24,4
C01191,41,53586.35,479.7,18,28,11
C01192,44,56486.91,245.14,7,9,8
C01193,40,,526.55,10,199,2
C01194,63,52069.73,903.62,12,205,1
C01195,59,84012.21,1154.3,14,200,0
C01196,49,82063.86,2654.7,24,28,5
C01197,32,47555.44,764.62,30,29,15
C01198,24,26937.91,74.92,3,19,3
C01199,18,35806.68,641.58,20,40,9
C01200,37,36076.12,190.28,3,23,3
C01201,18,28131.12,298.37,4,14,3
C01202,31,39727.46,347.89,4,14,5
C01203,64,34769.59,638.48,8,168,1
C01204,27,27105.5,161.54,3,155,7
C01205,44,81452.72,2927.48,42,6,10
C01206,52,84596.94,1455.13,19,0,2
C01207,37,52168.48,196.19,3,19,2
C01208,35,57428.8,853.15,19,4,14
C01209,35,34726.08,1273.4,17,27,7
C01210,41,42150.75,809.43,18,8,12
C01211,32,33964.75,234.45,3,10,3
C01212,34,72217.74,495.68,9,189,0
C01213,22,42621.74,151.47,4,40,5
C01214,49,57118.09,225.37,9,92,7
C01215,24,19725.17,822.18,19,51,7
C01216,33,52185.94,112.85,1,12,8
C01217,37,32328.59,243.6,18,7,10
C01218,25,37674.15,339.9,5,7,5
C01219,27,30650.05,727.48,6,70,1
C01220,47,75372.78,3885.73,29,35,9
C01221,47,68719.89,6173.84,38,16,5
C01222,42,74773.87,3183.43,29,2,0
C01223,61,47699.86,804.52,9,171,3
C01224,25,36642.47,123.11,6,64,4
C01225,39,47684.33,8559.85,34,17,7
C01226,45,45390.87,644.35,10,169,0
C01227,39,42829.95,650.78,21,104,14
C01228,35,25173.16,364.19,15,12,12
C01229,27,58788.48,685.1,8,140,0
C01230,50,101117.38,4517.4,38,3,9
C01231,45,83065.97,4088.35,36,63,7
C01232,27,50636.95,239.16,4,108,3
C01233,31,92254.65,2806.02,26,74,3
C01234,27,55678.26,245.52,4,1,1
C01235,41,57662.46,3642.76,30,3,8
C01236,39,97111.0,4594.3,31,75,3
C01237,35,74729.26,3108.97,32,2,5
C01238,29,53803.34,378.84,18,53,3
C01239,43,58686.58,1964.23,19,1,7
C01240,55,77778.98,3035.61,33,35,7
C01241,66,91010.72,867.82,13,235,3
C01242,57,59015.51,868.12,22,43,11
C01243,20,52735.5,199.08,16,37,12
C01244,55,136808.4,3968.24,30,2,6
C01245,28,65968.7,726.06,21,5,11
C01246,30,58031.7,330.19,12,129,9
C01247,22,35406.75,594.43,8,39,2
C01248,49,76802.96,3256.94,29,10,5
C01249,65,78240.5,600.76,14,206,0
C01250,50,37864.98,445.08,6,214,0
C01251,40,83761.91,2497.99,28,24,1
C01252,36,65982.7,7400.29,23,9,4
C01253,37,71766.96,4675.04,33,6,0
C01254,30,65411.48,106.9,1,19,3
C01255,48,103876.4,5021.05,33,13,7
C01256,44,71359.74,592.38,11,211,0
C01257,33,54929.22,123.18,2,56,4
C01258,53,48752.74,575.88,9,147,1
C01259,25,25106.99,626.27,9,2,8
C01260,55,72799.84,783.02,7,158,1
C01261,34,76819.59,5456.51,39,6,3
C01262,43,32581.15,195.05,16,52,8
C01263,43,48113.53,1506.89,20,2,15
C01264,41,63302.12,1325.4,10,116,0
C01265,19,25702.53,59.93,3,82,5
C01266,52,41130.88,1077.56,8,238,1
C01267,44,59165.86,5747.46,35,13,4
C01268,43,72937.49,778.13,8,143,1
C01269,38,43162.63,357.11,18,1,9
C01270,26,36404.01,1064.47,19,45,15
C01271,56,54994.28,690.92,11,165,4
C01272,23,36613.7,879.08,20,13,3
C01273,34,49565.7,1018.24,23,41,5
C01274,39,41832.24,63.11,3,23,6
C01275,44,83258.3,3289.48,26,11,10
C01276,55,51232.47,1221.26,21,0,12
C01277,45,95809.47,6687.25,35,5,7
C01278,33,78589.14,2895.89,24,6,6
C01279,44,52657.06,781.02,12,68,0
C01280,25,24099.75,221.21,3,38,5
C01281,41,43831.46,615.58,27,29,6
C01282,27,31912.97,683.32,18,14,6
C01283,25,47350.66,711.89,22,35,5
C01284,26,40105.96,39.08,1,100,6
C01285,61,51808.35,676.22,10,125,2
C01286,62,77388.31,1261.16,9,222,0
C01287,37,42573.2,639.49,15,7,9
C01288,36,32346.9,663.87,23,70,12
C01289,27,41700.02,967.49,22,39,9
C01290,31,47290.61,350.32,4,10,4
C01291,47,37357.13,978.33,21,51,5
C01292,27,35347.25,224.62,5,4,3
C01293,29,54230.39,446.96,5,13,5
C01294,35,24646.54,886.54,23,14,2
C01295,34,39545.92,529.62,18,9,11
C01296,41,44303.57,945.31,18,19,9
C01297,44,127653.37,4886.57,33,8,1
C01298,29,75452.04,7154.33,27,6,6
C01299,27,58673.08,213.91,3,6,5
C01300,29,46170.82,818.2,20,42,12
C01301,36,94452.0,4845.43,35,19,3
C01302,30,29648.91,247.55,9,5,3
C01303,33,42964.88,158.3,4,13,10
C01304,33,27456.28,944.82,17,20,5
C01305,39,98466.69,381.04,5,235,0
C01306,62,40797.81,353.41,5,261,0
C01307,31,30806.33,192.39,4,25,3
C01308,31,35176.07,61.47,1,2,4
C01309,51,83202.71,3612.46,30,30,4
C01310,61,46656.81,698.76,7,210,1
C01311,28,29065.17,1462.3,22,92,9
C01312,61,49506.86,786.65,10,141,0
C01313,25,46074.19,178.52,3,3,2
C01314,47,126802.54,2321.26,19,27,3
C01315,44,83786.15,9851.21,36,53,2
C01316,22,36051.99,175.32,5,25,2
C01317,21,37087.52,255.99,6,64,4
C01318,48,102355.42,3142.77,32,6,8
C01319,28,89525.16,562.8,6,27,6
C01320,55,60959.69,816.62,9,292,3
C01321,44,62343.53,525.35,16,18,8
C01322,39,63653.64,366.37,15,14,6
C01323,40,105036.69,5440.84,27,7,5
C01324,36,53421.02,232.86,3,50,6
C01325,45,52668.07,442.02,12,21,11
C01326,50,69571.43,1444.64,14,187,0
C01327,34,40738.84,452.83,17,6,2
C01328,39,63230.09,634.07,5,25,6
C01329,35,51016.83,475.95,17,8,7
C01330,44,74673.49,4122.37,36,48,11
C01331,18,55182.67,57.51,2,10,3
C01332,26,36766.54,546.42,17,49,15
C01333,22,33348.32,575.23,7,32,2
C01334,62,49765.2,1109.66,10,243,1
C01335,43,71566.99,746.42,11,130,0
C01336,47,40423.77,239.0,4,204,0
C01337,53,82470.54,6127.3,28,12,4
C01338,30,35867.1,383.12,5,48,3
C01339,45,60879.0,270.76,7,175,2
C01340,32,44469.43,824.8,20,4,8
C01341,43,85954.2,10294.76,44,51,2
C01342,64,52632.73,852.81,11,180,0
C01343,29,36148.88,1176.71,25,101,7
C01344,27,24788.16,283.44,5,94,2
C01345,42,40939.43,650.24,9,174,0
C01346,30,36363.72,336.67,5,6,7
C01347,36,43569.49,437.32,13,9,6
C01348,40,35102.8,672.68,18,4,9
C01349,40,91172.64,602.05,19,1,11
C01350,32,118843.64,3686.72,37,4,5
C01351,34,44407.94,348.92,5,8,4
C01352,54,40808.64,452.04,5,125,1
C01353,41,34024.89,1810.73,21,72,5
C01354,48,46402.92,1259.15,17,48,14
C01355,50,58658.73,459.28,8,130,1
C01356,50,60594.69,3524.4,27,8,6
C01357,29,48765.59,162.2,3,11,1
C01358,59,49780.18,671.84,22,24,4
C01359,28,63947.8,36.43,1,3,5
C01360,42,101772.82,2343.06,25,63,7
C01361,23,32115.26,781.85,8,90,2
C01362,32,53381.33,1288.15,24,34,11
C01363,39,57948.91,61.67,1,6,3
C01364,53,77114.54,3169.89,32,1,7
C01365,33,51721.66,672.92,21,21,8
C01366,32,42533.55,298.01,4,39,4
C01367,58,112446.94,10221.98,34,3,5
C01368,41,100032.96,5395.93,33,38,5
C01369,51,96746.88,5114.22,44,24,3
C01370,29,32537.64,688.17,14,35,8
C01371,47,89518.64,4186.01,27,34,7
C01372,47,64752.64,996.83,10,171,0
C01373,47,40392.67,634.84,15,9,4
C01374,49,65084.89,736.6,7,195,0
C01375,63,73041.05,1915.06,12,196,0
C01376,38,83044.73,3471.02,31,14,5
C01377,34,39015.86,112.98,4,14,1
C01378,61,57117.76,699.46,7,110,1
C01379,27,35573.46,168.48,4,49,1
C01380,44,27499.61,473.98,17,0,7
C01381,44,52390.82,530.36,15,23,11
C01382,43,101062.34,8842.81,30,7,8
C01383,25,63904.4,210.82,4,15,6
C01384,42,74130.24,541.79,7,154,0
C01385,51,75371.39,804.28,9,232,1
C01386,37,105294.94,3856.15,26,4,8
C01387,30,58459.46,222.38,6,6,2
C01388,45,,714.34,12,1,7
C01389,41,44912.3,283.4,8,162,2
C01390,36,67566.3,3434.87,32,5,6
C01391,42,62402.56,537.53,11,202,0
C01392,45,53522.12,583.64,11,158,3
C01393,60,92411.79,3376.74,27,8,4
C01394,54,79665.8,5050.84,24,28,5
C01395,37,125154.04,1299.65,9,211,1
C01396,51,84242.98,3506.28,30,2,8
C01397,40,33443.35,122.31,4,182,1
C01398,60,76035.67,312.44,7,119,1
C01399,27,74783.58,227.37,4,42,5
C01400,29,32033.95,788.39,20,14,12
C01401,31,38111.99,1399.27,21,14,5
C01402,50,92011.85,2773.17,21,58,5
C01403,60,63959.91,525.51,7,171,1
C01404,23,48660.39,550.6,15,98,9
C01405,29,66981.31,1769.55,27,10,4
C01406,46,39797.68,874.15,21,5,6
C01407,29,57496.62,673.23,8,68,3
C01408,43,113722.65,3912.29,27,2,3
C01409,59,74376.19,835.35,10,248,2
C01410,24,29565.61,212.76,4,18,0
C01411,51,74200.21,622.9,11,117,1
C01412,57,59540.29,606.1,11,103,2
C01413,54,77875.74,391.48,8,163,2
C01414,64,70865.03,709.65,12,213,1
C01415,29,53821.79,4279.37,36,51,7
C01416,35,43229.57,390.82,6,9,3
C01417,29,44801.94,73.1,2,39,6
C01418,38,47989.5,122.63,2,27,8
C01419,39,59294.73,361.19,7,160,0
C01420,44,65052.51,2243.57,14,152,2
C01421,31,38063.83,337.21,5,86,4
C01422,43,49199.59,752.0,17,11,8
C01423,47,40087.7,607.97,20,9,7
C01424,31,31514.31,472.95,20,54,4
C01425,49,72430.97,684.24,18,72,6
C01426,29,60417.84,756.54,20,28,16
C01427,48,82306.22,3359.79,23,5,3
C01428,56,97297.33,7751.63,30,19,14
C01429,22,34894.45,130.71,2,3,5
C01430,30,32981.85,1011.57,21,124,9
C01431,39,36249.86,1217.73,9,85,0
C01432,27,97372.69,272.91,7,43,10
C01433,51,109223.63,4326.98,30,30,9
C01434,41,78041.11,2280.84,30,28,5
C01435,51,67092.62,4176.71,36,33,6
C01436,60,52585.99,525.15,7,185,2
C01437,58,128643.96,2986.44,27,7,6
C01438,34,33408.84,1011.18,18,65,10
C01439,48,71067.93,450.76,7,170,1
C01440,54,139167.16,696.0,10,160,1
C01441,39,22001.84,709.48,19,14,8
C01442,45,104371.54,5730.6,37,35,10
C01443,39,58703.07,5664.24,32,8,4
C01444,32,103984.53,3735.96,28,3,6
C01445,39,77462.13,4652.58,41,13,9
C01446,29,39320.71,567.4,3,12,4
C01447,53,99897.65,576.06,10,221,1
C01448,31,30494.37,481.52,5,11,2
C01449,36,33115.19,287.56,4,86,1
C01450,44,88807.71,3078.93,30,11,4
C01451,53,33102.1,1212.27,12,84,1
C01452,29,36975.56,39.87,2,26,4
C01453,38,57472.69,297.22,3,193,0
C01454,44,52236.8,388.55,8,253,0
C01455,18,45506.24,496.53,16,31,11
C01456,55,149940.58,4105.61,31,4,5
C01457,52,71028.69,782.65,21,17,8
C01458,27,58134.28,1103.29,20,7,10
C01459,62,26083.3,325.22,5,234,1
C01460,46,91650.83,1050.18,20,68,8
C01461,33,30058.42,215.86,4,56,6
C01462,30,63139.36,170.03,5,23,2
C01463,50,77007.26,3257.06,26,2,7
C01464,24,57956.34,1734.91,19,59,2
C01465,35,23483.48,88.82,1,19,7
C01466,28,30278.34,79.19,1,62,3
C01467,36,48280.97,815.65,19,13,7
C01468,39,61711.78,399.9,15,59,13
C01469,33,40081.9,147.58,3,41,0
C01470,47,71148.59,2254.48,24,142,7
C01471,56,40140.49,441.34,6,151,0
C01472,36,91895.11,5952.63,40,16,7
C01473,49,108187.44,5616.99,20,44,1
C01474,36,40250.22,1349.97,20,54,7
C01475,36,29429.51,646.12,15,18,9
C01476,33,59113.51,823.72,13,29,5
C01477,44,42700.86,837.83,20,15,4
C01478,45,94750.69,1183.53,13,166,2
C01479,24,25839.1,656.52,16,51,10
C01480,40,,493.06,23,9,16
C01481,33,33320.87,590.18,15,36,5
C01482,56,96937.12,7084.33,29,3,5
C01483,37,34306.36,60.56,1,20,1
C01484,40,29796.21,713.34,22,98,3
C01485,33,49521.15,273.5,4,87,4
C01486,40,96103.58,2977.77,30,16,2
C01487,45,31978.58,636.17,7,147,0
C01488,52,99599.65,436.56,18,10,11
C01489,47,36128.13,716.05,9,190,0
C01490,29,52970.09,431.42,9,33,18
C01491,51,109591.87,3547.58,31,0,8
C01492,64,89435.31,582.34,11,195,0
C01493,30,35935.0,342.89,6,6,3
C01494,25,46928.28,212.2,4,4,7
C01495,40,39851.2,262.91,16,1,7
C01496,36,36584.98,475.67,5,7,3
C01497,51,48391.56,1688.08,13,154,0
C01498,24,74537.27,137.16,2,32,3
C01499,50,36640.73,345.28,18,22,13
C01500,21,23142.16,756.78,11,52,5
C01501,27,44394.43,79.15,1,31,5
C01502,54,78643.41,1126.68,11,121,0
C01503,38,43698.33,813.06,23,8,4
C01504,41,,225.17,13,11,3
C01505,53,44434.55,767.24,12,202,1
C01506,34,64716.4,406.86,13,8,4
C01507,26,30094.47,39.04,1,45,4
C01508,39,51604.07,842.8,23,18,10
C01509,45,109645.41,5755.86,26,15,3
C01510,26,31562.64,66.24,2,9,4
C01511,51,52735.49,3615.08,25,3,4
C01512,49,82564.62,2270.17,25,12,5
C01513,19,49138.28,123.25,3,26,3
C01514,34,43189.35,731.79,6,5,2
C01515,50,67123.44,534.72,10,124,3
C01516,24,38825.39,409.48,16,63,12
C01517,51,53439.88,3803.49,25,17,3
C01518,37,57235.44,8232.339519096638,13,169,1
C01519,42,73428.41,4785.76,32,52,8
C01520,37,91231.45,4000.57,27,21,10
C01521,42,45494.66,516.64,20,28,9
C01522,37,44157.64,307.61,7,84,3
C01523,48,46676.0,226.8,5,188,0
C01524,20,59104.11,169.02,2,18,3
C01525,26,47442.27,372.21,4,205,3
C01526,31,114744.35,2625.35,22,44,5
C01527,24,35723.67,473.64,20,15,5
C01528,43,50400.54,430.13,23,7,11
C01529,49,99583.07,4877.02,32,51,9
C01530,64,21212.67,932.59,24,54,4
C01531,60,49407.33,671.18,17,67,8
C01532,37,77322.26,4551.24,33,23,10
C01533,21,52196.86,277.3,5,0,1
C01534,25,46795.91,149.95,4,86,5
C01535,40,98409.64,2711.72,22,32,5
C01536,37,31471.58,1223.11,22,19,9
C01537,37,37640.8,476.5,6,10,6
C01538,31,48168.89,61.17,1,14,4
C01539,52,46404.37,969.36,13,271,0
C01540,55,51112.95,461.56,15,5,10
C01541,58,73908.33,691.14,15,110,2
C01542,52,42225.05,477.78,15,14,18
C01543,37,41191.4,335.49,20,6,11
C01544,30,66333.23,8771.68,30,24,4
C01545,40,,746.7,19,20,6
C01546,29,57327.88,498.41,16,9,11
C01547,34,39923.72,664.5,22,37,9
C01548,38,53676.57,41.69,1,9,3
C01549,22,47734.4,1143.38,18,2,7
C01550,36,62619.08,1467.8,23,5,6
C01551,48,116834.15,4971.97,25,9,9
C01552,31,50959.55,414.68,15,3,10
C01553,35,61832.76,308.52,12,10,8
C01554,23,51272.15,741.09,24,18,14
C01555,44,63409.81,276.0,15,1,13
C01556,29,64264.24,317.22,6,28,5
C01557,44,47953.11,211.93,4,224,0
C01558,46,61019.33,441.31,14,13,11
C01559,28,61989.78,171.79,2,54,3
C01560,37,62806.13,435.85,10,215,1
C01561,69,60641.17,938.02,14,93,0
C01562,27,,122.3,4,2,3
C01563,60,89092.68,1251.66,14,194,0
C01564,51,88056.35,565.08,9,99,0
C01565,28,62377.21,192.49,4,50,2
C01566,60,80309.65,1371.83,22,8,8
C01567,36,99338.0,3414.9,37,10,11
C01568,50,63285.19,1626.87,18,3,9
C01569,42,67940.84,271.63,16,2,5
C01570,43,71476.01,464.32,20,29,22
C01571,52,38448.02,469.59,18,40,9
C01572,45,24430.51,251.83,5,55,6
C01573,31,46587.56,47.99,1,102,2
C01574,47,64585.28,554.13,10,212,0
C01575,42,70535.56,2833.94,25,2,9
C01576,39,27361.13,2784.66,29,24,10
C01577,42,54429.59,49.54,2,11,10
C01578,47,56038.46,428.59,12,119,2
C01579,47,57612.84,1115.25,9,201,1
C01580,52,41193.42,1088.72,12,204,0
C01581,29,55600.78,798.14,12,151,1
C01582,31,89859.74,669.18,18,22,15
C01583,19,51063.17,479.52,20,15,5
C01584,28,51856.34,609.84,21,80,6
C01585,28,40820.75,344.38,5,8,5
C01586,56,55636.06,519.63,7,217,0
C01587,37,47398.03,354.4,13,20,11
C01588,29,50863.5,163.74,4,31,4
C01589,49,25019.43,746.86,21,27,13
C01590,47,63602.73,3535.04,29,5,7
C01591,50,90103.26,2769.46,26,6,8
C01592,63,74190.28,2451.48,22,15,4
C01593,66,66418.96,1306.9,12,191,2
C01594,41,43943.67,1295.22,31,20,15
C01595,40,48775.09,1004.02,12,149,0
C01596,28,33597.26,375.07,4,125,6
C01597,38,100854.15,4853.51,31,23,4
C01598,49,104571.75,2551.68,26,16,5
C01599,41,47465.77,1079.87,11,184,0
C01600,20,60786.5,121.32,8,141,4
C01601,56,46487.34,871.48,9,206,0
C01602,42,89567.38,8026.89,24,8,9
C01603,32,42582.2,75.69,2,0,4
C01604,45,77777.66,451.34,9,249,0
C01605,45,35912.94,313.4,11,2,14
C01606,30,56854.87,691.67,18,4,5
C01607,48,82518.1,600.97,9,266,0
C01608,29,44837.6,767.29,20,94,5
C01609,56,39008.07,556.39,23,24,11
C01610,43,71167.53,660.11,12,39,11
C01611,44,33998.71,713.03,15,90,13
C01612,24,29399.51,542.04,8,7,3
C01613,32,39384.45,398.91,6,64,4
C01614,37,48946.82,441.01,13,23,19
C01615,46,101693.73,928.55,13,262,1
C01616,34,62926.13,2607.41,26,4,9
C01617,40,101204.33,3318.53,28,2,11
C01618,31,54619.16,480.93,7,15,2
C01619,54,,76.91,2,224,2
C01620,38,89363.24,3535.86,32,8,5
C01621,35,86411.14,3389.11,37,16,8
C01622,18,66811.53,387.71,16,12,9
C01623,47,52054.23,895.59,10,156,2
C01624,63,112632.13,2934.78,27,25,6
C01625,31,56847.23,1146.2,20,23,7
C01626,43,52582.78,182.79,3,61,5
C01627,28,35629.5,1236.96,21,8,11
C01628,46,110402.22,4869.23,29,5,7
C01629,40,57681.65,5850.28,32,4,3
C01630,32,70180.39,963.94,18,29,6
C01631,39,33309.93,867.0,14,33,14
C01632,52,40049.64,270.63,4,94,0
C01633,18,60753.1,87.51,2,19,3
C01634,27,42645.18,209.22,3,9,4
C01635,65,61101.82,444.75,9,234,0
C01636,34,48388.72,338.95,10,16,16
C01637,29,32842.05,399.52,18,9,15
C01638,53,43777.39,776.66,12,167,0
C01639,34,70599.69,146.47,16,40,11
C01640,28,35170.17,390.29,5,118,4
C01641,43,33807.33,133.91,3,66,3
C01642,50,42990.67,2948.31,18,9,7
C01643,28,26308.36,916.0,18,19,11
C01644,48,79779.53,1637.43,22,3,5
C01645,51,85506.54,3848.87,33,9,7
C01646,18,59654.07,956.08,18,13,6
C01647,35,51044.84,330.21,12,56,6
C01648,25,33102.72,388.07,4,100,3
C01649,65,69842.58,776.5,12,170,3
C01650,54,63674.93,592.55,9,96,1
C01651,36,35798.21,533.56,18,16,5
C01652,39,44017.62,812.81,17,8,8
C01653,37,47619.69,906.43,20,22,10
C01654,38,49703.28,7069.0,36,28,9
C01655,36,57048.69,582.47,6,240,2
C01656,18,35119.32,510.5,15,31,7
C01657,36,28166.64,691.11,14,109,4
C01658,51,46781.65,634.54,12,130,0
C01659,42,84535.53,1241.36,15,19,14
C01660,47,62640.41,3971.28,27,11,9
C01661,39,101849.9,3830.28,32,31,7
C01662,31,42362.11,404.24,7,69,4
C01663,30,28434.85,241.56,5,13,7
C01664,40,64181.68,3986.53,34,51,2
C01665,44,44744.09,2102.68,18,150,2
C01666,60,50448.36,1159.16,13,165,1
C01667,85,35898.6,654.93,9,220,2
C01668,30,47550.56,1370.19,21,44,10
C01669,36,80390.76,5166.08,23,26,5
C01670,47,56866.78,1117.07,12,200,2
C01671,37,62028.74,1227.55,23,35,12
C01672,18,61275.35,107.26,2,34,6
C01673,24,52296.45,284.04,8,4,10
C01674,30,95066.6,3695.37,30,1,5
C01675,33,40672.86,318.44,3,24,5
C01676,42,70240.66,582.35,9,112,1
C01677,36,39206.75,700.43,5,39,3
C01678,40,58028.63,1216.93,23,55,10
C01679,35,64558.88,415.1,8,183,1
C01680,28,77981.67,320.03,4,62,3
C01681,37,55962.32,77.88,2,26,5
C01682,59,111185.35,1211.45,8,101,0
C01683,23,53833.77,93.68,3,29,2
C01684,39,47482.89,1465.38,27,10,16
C01685,53,66854.4,3530.47,32,4,11
C01686,56,33067.76,999.9,16,50,5
C01687,37,29050.86,1067.8,20,48,8
C01688,39,56908.15,442.08,13,14,7
C01689,32,54827.49,82.0,2,22,3
C01690,40,48954.8,674.21,24,3,11
C01691,28,49238.51,280.81,5,35,4
C01692,48,76874.39,920.77,10,238,0
C01693,45,30825.32,849.52,16,9,5
C01694,27,25429.58,316.89,5,108,4
C01695,29,71410.77,254.48,5,50,2
C01696,27,49630.53,143.07,4,5,5
C01697,32,77446.78,3646.01,39,2,4
C01698,39,88547.04,42.58,1,162,4
C01699,44,49022.92,777.89,9,219,3
C01700,29,48924.17,491.01,5,8,2
C01701,46,65272.42,1190.21,13,164,0
C01702,53,113092.79,1085.51,15,172,1
C01703,41,36034.06,359.35,12,14,13
C01704,27,35369.56,279.49,5,68,5
C01705,34,58796.61,513.18,13,6,6
C01706,60,48521.9,490.06,10,124,2
C01707,21,97081.88,4275.41,27,5,3
C01708,38,56215.48,565.94,18,14,7
C01709,53,62933.62,541.33,8,186,1
C01710,36,37605.41,695.82,15,13,9
C01711,25,40349.16,184.66,4,22,4
C01712,32,58538.97,346.34,16,17,4
C01713,53,152254.42,1250.68,14,217,0
C01714,52,93402.12,625.28,11,224,1
C01715,48,32092.51,311.26,20,106,11
C01716,31,75742.11,344.96,5,4,9
C01717,21,39830.91,432.64,19,5,11
C01718,20,46561.44,135.31,5,11,6
C01719,30,56696.0,91.33,3,12,4
C01720,64,68900.15,681.42,8,147,1
C01721,49,96908.27,2945.33,27,1,7
C01722,41,64397.75,673.47,20,6,6
C01723,36,43617.64,80.41,4,23,3
C01724,29,46727.15,455.93,7,15,2
C01725,34,52283.73,541.01,14,20,8
C01726,39,73757.92,2837.34,30,22,6
C01727,40,36361.04,440.73,18,28,10
C01728,51,57676.77,832.47,9,118,1
C01729,42,73529.88,3759.27,24,5,10
C01730,37,67151.4,404.9,17,56,9
C01731,43,90291.09,682.66,14,72,0
C01732,37,94147.99,3089.25,28,5,6
C01733,37,45357.22,449.62,4,11,4
C01734,30,37007.83,748.83,20,44,11
C01735,45,93862.7,767.71,9,124,4
C01736,21,30340.01,128.91,3,8,2
C01737,58,76444.11,365.25,8,66,1
C01738,36,61950.27,2866.85,23,26,7
C01739,27,74873.12,80.3,4,30,4
C01740,23,44269.45,87.06,3,9,4
C01741,51,29884.38,444.06,19,4,9
C01742,28,46957.16,520.91,23,7,7
C01743,47,76059.73,4190.75,27,10,4
C01744,49,42333.37,273.27,7,159,0
C01745,33,41917.77,47.37,1,62,4
C01746,24,25649.91,152.67,3,2,3
C01747,28,28759.88,136.36,3,79,10
C01748,34,33282.25,57.23,1,6,2
C01749,46,35012.2,309.9,18,6,7
C01750,43,55670.33,329.95,15,42,10
C01751,24,42683.21,116.18,2,6,6
C01752,42,96819.92,3863.69,29,12,4
C01753,55,94188.36,513.86,11,197,1
C01754,43,103523.78,219.82,3,140,0
C01755,31,28378.81,599.62,23,24,7
C01756,30,43302.12,159.82,4,17,2
C01757,42,88760.16,2673.65,31,10,7
C01758,29,42012.33,655.95,7,87,2
C01759,47,61864.9,437.67,8,190,0
C01760,51,,1474.38,14,137,1
C01761,35,37782.11,484.58,19,15,6
C01762,48,112464.44,7135.7,37,13,10
C01763,50,105497.3,3498.43,31,11,6
C01764,40,87697.59,6754.73,28,7,7
C01765,42,69396.99,4656.79,33,14,7
C01766,49,57324.35,3235.79,28,1,3
C01767,61,54584.08,1102.64,10,132,0
C01768,51,65977.26,3837.52,38,1,5
C01769,46,93258.95,4239.17,36,11,6
C01770,37,64766.45,571.36,19,174,1
C01771,26,60018.68,378.79,2,119,2
C01772,27,39574.6,356.87,4,271,3
C01773,26,22724.27,191.95,4,28,7
C01774,50,64670.11,1234.93,9,183,2
C01775,31,44888.45,66.35,1,165,5
C01776,25,27901.5,913.3274202225822,5,23,4
C01777,25,21766.54,194.47,2,69,0
C01778,31,31166.68,393.4,15,144,15
C01779,45,59306.61,729.15,15,49,6
C01780,31,,2423.52,28,21,7
C01781,43,89950.84,8087.3,30,1,4
C01782,29,33978.22,298.27,5,101,2
C01783,32,43527.68,663.73,20,8,11
C01784,46,91049.61,4850.11,28,6,6
C01785,34,68231.32,1703.75,33,20,5
C01786,47,48421.56,522.15,11,201,1
C01787,29,60788.06,948.16,21,8,12
C01788,19,51953.16,488.28,3,48,6
C01789,43,41339.39,576.59,9,164,0
C01790,48,75637.09,3893.92,31,53,6
C01791,26,59753.95,683.42,5,78,6
C01792,35,30714.72,348.75,15,60,16
C01793,37,88473.19,4092.65,33,24,9
C01794,23,41902.52,270.69,5,62,4
C01795,46,65326.68,349.35,7,195,3
C01796,36,66491.51,637.94,15,12,12
C01797,20,27698.19,255.44,3,109,8
C01798,18,68253.78,170.64,12,131,8
C01799,31,43936.7,303.74,4,17,3
C01800,29,43175.48,560.25,8,25,3
C01801,33,24280.08,76.77,2,51,7
C01802,28,59255.92,34.87,1,9,5
C01803,54,118239.5,1824.85,26,8,11
C01804,29,34307.15,413.39,7,58,7
C01805,35,33023.26,217.1,3,10,0
C01806,27,50510.17,302.78,3,80,3
C01807,37,85496.9,3596.93,35,0,6
C01808,43,60415.6,279.98,17,43,11
C01809,49,29571.04,513.12,20,48,6
C01810,48,136250.05,2200.92,31,21,8
C01811,24,31524.76,649.38,13,31,3
C01812,36,38121.26,918.21,18,19,16
C01813,28,46882.43,190.6,4,31,4
C01814,39,42448.04,640.51,16,6,14
C01815,43,71276.71,1575.82,14,176,0
C01816,40,70058.13,80.35,1,8,4
C01817,30,52927.26,195.98,2,37,3
C01818,23,33772.61,624.53,23,80,12
C01819,45,57882.43,682.55,14,30,9
C01820,30,42052.2,146.38,3,15,2
C01821,62,77668.6,622.26,7,200,1
C01822,22,38406.59,224.53,11,72,6
C01823,27,34981.77,337.97,6,71,5
C01824,28,85995.2,336.54,7,20,1
C01825,35,44646.95,152.66,3,212,7
C01826,49,91963.02,4871.81,32,37,3
C01827,25,38111.45,1419.78,14,3,11
C01828,31,43751.65,472.2,19,0,8
C01829,59,55146.0,426.7,7,220,0
C01830,36,25014.24,481.49,18,74,7
C01831,22,57550.24,1619.63,17,29,7
C01832,46,57816.21,842.81,10,144,1
C01833,25,60513.11,910.44,17,48,8
C01834,41,97271.26,6475.21,33,22,6
C01835,42,87251.12,6328.64,32,36,10
C01836,26,81665.77,4854.81,30,35,3
C01837,55,84277.22,2719.43,46,9,9
C01838,35,50971.08,546.49,15,34,3
C01839,30,45528.2,78.33,3,157,2
C01840,31,32027.51,51.79,1,77,4
C01841,57,61476.92,5479.95,36,1,13
C01842,33,23281.63,0.0,0,6,7
C01843,46,116486.24,2666.42,30,6,8
C01844,58,45442.68,689.6,11,104,0
C01845,48,169213.25,2986.7,23,1,4
C01846,33,38183.97,65.42,1,89,5
C01847,37,60248.23,1034.43,18,40,7
C01848,39,50248.67,259.01,3,10,6
C01849,56,33634.91,478.84,19,33,8
C01850,35,31639.1,522.4,8,36,3
C01851,19,65368.89,641.21,19,1,11
C01852,44,50932.03,1015.32,16,186,1
C01853,26,58323.43,817.55,18,21,10
C01854,26,35385.11,127.47,3,8,2
C01855,46,58593.67,1247.34,12,106,1
C01856,60,45447.87,359.04,10,158,2
C01857,21,43044.35,700.29,18,17,7
C01858,37,42687.81,967.27,21,26,13
C01859,40,33699.68,930.7,17,69,6
C01860,32,52883.35,622.05,20,11,11
C01861,22,59579.15,6106.468215242401,8,17,3
C01862,62,45429.08,359.79,6,208,1
C01863,71,57471.74,1172.78,12,207,0
C01864,21,41553.18,63.32,3,4,3
C01865,22,57293.98,474.52,6,35,6
C01866,50,55244.51,443.45,15,129,0
C01867,40,40160.33,1335.82,18,133,0
C01868,34,83110.39,5646.52,36,19,5
C01869,24,44003.63,187.02,4,3,3
C01870,45,60452.99,1266.31,9,182,2
C01871,27,40259.69,833.48,20,2,7
C01872,29,41864.05,449.56,19,4,11
C01873,33,48145.91,1011.96,14,234,2
C01874,66,68960.59,745.03,10,170,2
C01875,46,,428.78,15,265,0
C01876,37,53556.31,200.62,3,28,7
C01877,42,34683.76,700.74,21,5,12
C01878,22,34181.98,953.64,19,17,11
C01879,31,29163.0,225.17,3,19,2
C01880,39,27179.06,201.36,4,86,6
C01881,36,32292.75,747.74,22,34,12
C01882,27,86406.13,182.12,5,45,3
C01883,52,49731.25,549.82,20,6,10
C01884,29,38966.5,236.2,5,5,3
C01885,29,33650.12,1020.54,15,25,6
C01886,47,55607.77,671.78,16,7,7
C01887,45,56810.58,5250.54,29,9,3
C01888,52,116757.81,4537.85,25,3,2
C01889,60,101179.95,1102.01,14,250,0
C01890,31,78954.71,801.34,12,29,7
C01891,19,73405.51,710.41,18,28,8
C01892,26,41997.91,177.6,6,32,11
C01893,18,53041.45,190.49,6,0,6
C01894,54,105146.93,4547.2,35,13,3
C01895,35,51067.51,792.84,21,30,8
C01896,27,83724.34,2016.78,25,12,9
C01897,34,54509.4,116.82,3,39,3
C01898,35,48928.93,398.56,13,9,6
C01899,48,84120.09,3630.56,29,10,8
C01900,36,57166.28,3942.1,32,23,9
C01901,27,45167.71,119.43,3,8,2
C01902,50,89056.12,2888.65,37,4,6
C01903,50,52226.15,1273.08,12,176,1
C01904,42,116946.14,4076.29,30,11,3
C01905,35,45311.02,112.79,2,70,4
C01906,22,40811.4,365.93,18,29,15
C01907,33,40685.58,713.41,16,20,14
C01908,39,76191.33,1882.72,25,13,3
C01909,47,149533.71,758.52,13,330,0
C01910,48,38711.77,491.4,7,88,0
C01911,43,73148.15,7473.78,26,10,4
C01912,32,111801.9,3026.26,27,14,6
C01913,46,91057.04,246.32,8,211,0
C01914,30,35240.5,920.3594681115403,2,2,6
C01915,43,108685.95,6403.98,31,0,6
C01916,58,54770.23,4628.59,30,8,3
C01917,28,26583.52,134.12,2,162,3
C01918,21,43551.71,35.02,1,28,4
C01919,23,32806.35,134.56,2,62,2
C01920,49,60551.63,1672.1,13,242,1
C01921,31,33178.97,589.18,21,25,13
C01922,31,45790.17,923.89,16,8,12
C01923,18,44870.67,670.54,15,15,9
C01924,36,60152.19,286.93,13,18,11
C01925,26,21285.0,1113.28,18,18,12
C01926,52,79010.1,4432.49,35,33,10
C01927,34,37995.19,137.8,9,2,8
C01928,35,44290.57,356.06,5,25,4
C01929,32,85450.27,5249.09,37,97,8
C01930,41,33190.91,379.29,20,7,8
C01931,22,28565.85,179.45,3,0,5
C01932,33,32303.6,59.08,3,17,5
C01933,24,30882.7,327.89,8,10,5
C01934,43,68353.0,1983.92,14,50,1
C01935,19,49323.04,254.31,3,13,6
C01936,39,66264.0,2080.3,29,14,5
C01937,27,28630.43,1504.89,25,2,9
C01938,40,68160.19,126.03,5,42,7
C01939,28,51825.87,959.95,23,30,19
C01940,48,81588.79,6175.88,33,36,7
C01941,32,32363.73,952.89,15,18,14
C01942,31,36303.01,431.54,10,6,7
C01943,55,50180.76,590.93,12,18,14
C01944,53,90886.15,5863.93,43,6,4
C01945,66,77157.19,525.98,6,244,1
C01946,53,69428.54,1018.24,14,176,0
C01947,59,105774.94,8189.2,36,12,4
C01948,42,83233.48,1166.76,10,203,0
C01949,46,95797.05,2339.08,27,1,2
C01950,45,66862.35,558.29,12,105,0
C01951,39,95802.94,584.3,4,244,1
C01952,32,83146.1,2246.22,34,58,3
C01953,34,29222.49,333.43,4,1,2
C01954,37,58104.46,1539.47,14,126,0
C01955,45,62143.36,727.47,12,152,0
C01956,53,51033.16,513.83,12,18,0
C01957,32,55129.79,631.79,8,34,3
C01958,53,80878.67,5367.28,31,22,4
C01959,54,36194.43,1451.37,13,179,1
C01960,25,64968.04,116.61,2,15,3
C01961,36,30682.39,64.61,1,0,5
C01962,23,45505.68,1184.48,20,39,11
C01963,29,31909.01,174.59,4,56,2
C01964,42,122823.65,3786.81,30,4,11
C01965,30,34571.75,211.33,5,28,5
C01966,42,71754.92,2012.27,35,19,6
C01967,39,45275.92,23.72,1,90,2
C01968,45,79455.7,923.03,11,165,1
C01969,39,52875.41,621.2,24,51,9
C01970,27,22340.72,661.02,21,5,7
C01971,38,44967.73,693.06,21,29,4
C01972,61,45883.59,790.2,13,113,1
C01973,18,43508.78,486.53,5,8,1
C01974,40,31382.72,680.55,22,19,6
C01975,35,98892.28,6653.77,30,68,8
C01976,46,85942.77,4241.05,31,16,2
C01977,42,73425.02,613.59,19,74,8
C01978,52,39464.99,506.03,6,147,1
C01979,34,36078.95,314.96,7,34,5
C01980,39,165276.88,4274.93,29,37,5
C01981,56,57905.2,1246.84,14,204,0
C01982,28,55093.82,1103.44,27,15,11
C01983,55,54261.96,613.31,13,251,5
C01984,43,63480.33,1011.91,17,2,9
C01985,39,54318.93,172.67,4,13,4
C01986,43,63356.87,667.27,7,231,0
C01987,31,29656.57,699.02,17,40,9
C01988,25,31243.43,263.73,5,45,5
C01989,52,124720.51,589.08,8,117,0
C01990,44,97087.06,5871.95,33,5,5
C01991,48,96226.77,3966.0,38,21,10
C01992,27,29750.0,42.99,1,17,6
C01993,46,44384.73,593.05,15,13,8
C01994,34,65194.09,4606.24,38,49,8
C01995,38,71291.73,964.73,29,61,12
C01996,42,52716.79,267.74,5,37,2
C01997,49,79262.45,623.67,23,53,10
C01998,37,68102.54,424.5,12,22,7
C01999,53,71166.74,561.75,10,213,0
C02000,29,42556.81,167.72,3,45,5
C02001,43,85510.21,673.78,12,143,0
C02002,39,56386.63,1195.09,25,123,11
C02003,64,75810.8,567.24,4,120,0
C02004,31,36686.58,141.26,3,3,8
C02005,45,96429.8,7153.18,30,5,5
C02006,47,54085.18,1109.76,12,140,1
C02007,38,32802.44,444.39,20,0,4
C02008,38,77855.91,3760.62,31,22,7
C02009,46,60135.12,2423.82,35,7,2
C02010,33,38788.15,289.37,3,0,3
C02011,42,60174.69,2371.59,29,1,5
C02012,27,12368.36,707.93,21,18,11
C02013,46,108861.51,5605.96,26,10,4
C02014,38,61815.68,367.71,13,74,7
C02015,21,50059.41,1252.24,21,2,4
C02016,27,29632.27,0.0,0,21,7
C02017,37,50220.15,491.44,18,4,11
C02018,45,73175.61,4361.63,25,16,6
C02019,25,60269.72,271.82,8,55,5
C02020,46,47547.7,460.76,17,15,7
C02021,21,61948.92,56.58,3,4,6
C02022,37,87253.06,3225.64,32,58,6
C02023,43,84257.72,1395.61,24,12,4
C02024,32,50324.39,513.15,13,25,6
C02025,35,32213.32,1192.97,22,35,2
C02026,39,45655.19,671.74,20,85,10
C02027,41,45181.68,760.73,8,225,0
C02028,44,29262.72,865.52,16,8,12
C02029,25,42862.07,279.07,5,104,1
C02030,30,73491.03,246.39,5,4,2
C02031,37,116749.76,4870.08,32,14,5
C02032,31,31812.44,370.42,11,10,8
C02033,36,46795.52,429.5,20,6,14
C02034,30,58036.96,769.95,13,106,12
C02035,32,71243.97,4474.25,30,17,7
C02036,21,41390.63,506.48,7,8,6
C02037,49,106333.98,605.3,8,218,1
C02038,51,86508.95,6059.37,33,19,9
C02039,21,41828.26,433.77,3,18,1
C02040,29,46483.63,397.93,6,151,4
C02041,47,27363.16,986.05,17,5,10
C02042,23,24697.01,138.44,6,37,6
C02043,37,41500.38,173.1,4,65,2
C02044,45,86987.0,745.49,9,156,2
C02045,53,38002.06,1730.37,12,270,0
C02046,46,81076.32,4711.55,34,21,5
C02047,19,38394.41,667.65,25,71,8
C02048,22,43922.33,426.43,5,9,9
C02049,44,67974.78,2997.71,30,2,10
C02050,46,45578.44,503.97,13,21,7
C02051,47,41091.53,336.98,6,178,0
C02052,49,139082.51,3788.92,30,2,3
C02053,34,33873.25,663.82,15,3,11
C02054,54,33806.62,730.15,8,266,0
C02055,18,68713.86,755.55,18,26,9
C02056,31,67910.31,566.43,16,89,8
C02057,43,57683.13,495.89,9,197,0
C02058,28,41740.35,764.11,22,41,4
C02059,53,103641.56,2528.79,23,14,5
C02060,46,76006.85,4387.63,30,5,9
C02061,60,58309.39,956.68,8,119,0
C02062,29,35392.14,533.55,15,1,7
C02063,43,29825.97,1816.56,20,29,7
C02064,47,69142.86,2728.74,37,6,7
C02065,51,57994.1,1169.54,18,5,7
C02066,46,47075.66,434.28,5,160,0
C02067,45,42058.45,466.41,15,14,6
C02068,45,59240.96,421.86,7,152,1
C02069,45,34172.6,1009.32,27,46,8
C02070,43,64300.78,398.91,17,11,8
C02071,61,30445.68,1132.38,11,188,1
C02072,38,50082.56,345.8,16,22,7
C02073,31,35462.64,661.39,15,8,10
C02074,55,74498.31,1099.28,8,185,0
C02075,33,46081.19,784.53,18,2,7
C02076,20,29583.06,143.24,3,72,4
C02077,47,45810.09,1156.44,11,211,2
C02078,40,146262.11,2812.09,27,30,7
C02079,43,44569.27,939.97,23,10,9
C02080,53,77489.46,3742.68,26,2,3
C02081,52,45206.04,832.74,27,15,4
C02082,52,69117.28,5078.39,28,8,7
C02083,34,43205.34,78.17,2,50,6
C02084,50,119612.32,5041.08,22,7,2
C02085,31,42784.3,344.56,4,17,7
C02086,21,,434.21,16,96,6
C02087,40,28990.59,513.97,12,49,10
C02088,30,48777.65,406.55,13,35,5
C02089,25,33863.75,423.14,7,36,2
C02090,27,49114.15,829.71,27,21,5
C02091,40,49257.34,292.07,13,24,12
C02092,44,57984.33,498.23,9,156,1
C02093,30,67232.17,145.67,2,38,5
C02094,50,136575.88,5196.23,30,1,8
C02095,37,72054.03,496.17,11,144,2
C02096,28,48630.73,1125.35,21,33,9
C02097,46,57318.67,2351.9,21,2,5
C02098,32,48741.08,610.17,22,64,11
C02099,48,94546.18,3252.39,38,1,7
C02100,42,37877.73,353.34,12,18,7
C02101,29,35530.89,454.06,2,46,3
C02102,53,54793.54,3249.66,29,17,3
C02103,59,57337.25,723.6,7,143,1
C02104,66,89989.29,561.07,6,207,2
C02105,37,52448.92,416.31,6,6,0
C02106,21,65051.2,245.58,5,15,8
C02107,29,49427.63,84.23,2,37,7
C02108,60,67090.47,674.3,5,241,0
C02109,44,50997.79,938.69,13,19,6
C02110,34,76341.35,7326.93,43,24,10
C02111,58,53929.39,468.96,16,42,10
C02112,41,38716.44,121.03,3,20,2
C02113,36,109164.03,7200.46,26,1,6
C02114,32,41601.77,152.05,2,101,1
C02115,54,106648.45,9080.91,51,21,13
C02116,39,78645.19,808.38,7,134,0
C02117,40,43847.77,503.04,18,22,8
C02118,34,49336.28,6856.46,28,28,2
C02119,42,122367.43,1475.45,20,16,4
C02120,49,44276.44,1002.06,16,8,10
C02121,25,45580.65,696.66,26,1,6
C02122,44,71872.58,6097.7,34,17,9
C02123,26,44270.77,740.44,19,7,8
C02124,38,129123.71,4989.17,31,29,7
C02125,20,36306.7,578.46,18,9,7
C02126,47,46173.35,1005.13,23,34,11
C02127,49,35992.9,653.31,23,14,9
C02128,42,46041.18,322.69,12,14,7
C02129,52,76017.33,2529.49,23,11,5
C02130,52,119324.65,2931.87,28,3,4
C02131,36,112886.07,2674.7,31,2,2
C02132,27,34162.04,220.67,3,27,4
C02133,60,34210.77,489.04,6,208,2
C02134,51,38537.45,909.84,9,126,1
C02135,40,46118.43,483.61,13,44,9
C02136,25,47059.05,86.57,2,25,2
C02137,21,28432.37,629.91,13,5,5
C02138,30,26423.3,134.44,2,14,4
C02139,34,81345.55,899.29,4,3,3
C02140,41,54486.09,1172.72,6,154,1
C02141,44,103314.81,688.06,14,211,1
C02142,33,67804.65,757.54,23,41,3
C02143,33,60022.46,687.67,5,68,5
C02144,42,87145.46,412.79,9,116,0
C02145,37,54562.29,725.45,11,7,8
C02146,55,39131.6,632.68,9,100,1
C02147,62,73119.48,2799.41,30,9,5
C02148,49,59890.81,188.23,7,170,1
C02149,24,28384.81,286.4,4,65,2
C02150,61,86973.82,3177.63,20,1,10
C02151,30,33047.69,444.01,7,18,3
C02152,47,66115.77,1868.04,28,8,2
C02153,33,31871.14,114.4,3,36,5
C02154,27,45731.02,374.34,3,3,4
C02155,30,30760.3,707.36,10,24,3
C02156,50,61522.97,740.34,8,257,2
C02157,52,95831.68,7954.26,34,65,6
C02158,20,45202.68,1000.61,18,6,10
C02159,44,59393.81,2024.43,24,78,6
C02160,55,66216.89,6526.66,34,5,5
C02161,33,57787.46,844.98,23,13,11
C02162,26,46594.1,837.9,15,5,10
C02163,26,50330.31,674.52,21,69,5
C02164,49,41666.33,883.6,12,6,12
C02165,55,41942.34,336.23,7,147,1
C02166,31,44005.28,528.6,15,57,8
C02167,48,44647.2,534.13,5,177,0
C02168,18,46037.37,1187.71,17,17,9
C02169,39,37236.73,732.77,22,41,11
C02170,36,43765.47,469.52,26,51,9
C02171,31,40805.17,1284.07,22,0,7
C02172,38,59175.74,551.15,20,6,10
C02173,33,49578.83,777.1,19,36,6
C02174,42,80927.61,2830.68,25,0,5
C02175,26,59082.84,629.96,17,66,10
C02176,25,28363.32,135.28,3,21,5
C02177,37,67592.89,1051.63,24,19,6
C02178,26,61586.21,806.03,11,202,1
C02179,51,31777.19,770.6,19,27,5
C02180,55,54375.92,917.85,10,251,1
C02181,27,37463.99,112.93,3,78,3
C02182,29,39932.65,979.9,13,236,4
C02183,58,39181.09,640.27,6,137,0
C02184,56,92973.1,3637.33,28,8,8
C02185,30,50847.51,396.74,6,26,5
C02186,50,104625.3,2359.81,18,53,4
C02187,35,94837.23,2080.69,12,149,4
C02188,25,43926.27,761.07,8,18,7
C02189,37,32027.52,1043.77,26,24,3
C02190,41,67567.46,319.82,5,189,1
C02191,44,82480.32,8460.44,32,7,3
C02192,37,42062.11,253.05,4,74,3
C02193,18,41260.11,216.68,4,9,3
C02194,33,111673.73,2397.85,16,1,2
C02195,23,50161.55,308.04,5,25,7
C02196,33,44838.52,761.07,16,159,0
C02197,49,75933.06,7104.62,34,9,5
C02198,40,41802.19,707.73,22,8,7
C02199,43,57011.54,545.22,21,113,7
C02200,25,46015.68,737.08,6,64,4
C02201,46,84991.98,3683.71,36,8,4
C02202,64,39573.89,1022.93,14,213,2
C02203,40,42996.22,1492.8,15,130,1
C02204,36,112042.57,2487.47,31,23,8
C02205,29,64247.63,1271.99,18,33,8
C02206,23,27636.85,48.61,1,3,9
C02207,41,28903.09,262.86,4,55,6
C02208,34,60307.91,729.15,12,37,5
C02209,24,,3025.12,28,10,6
C02210,58,107155.33,2601.1,27,7,6
C02211,56,64043.72,1210.23,8,212,2
C02212,39,55420.64,653.36,13,97,7
C02213,57,62339.22,441.48,6,116,2
C02214,41,68988.52,1593.97,19,2,7
C02215,44,73378.89,321.05,5,306,1
C02216,56,83896.7,2218.96,27,9,5
C02217,35,63095.79,4798.83,33,4,4
C02218,47,43835.29,662.47,11,245,2
C02219,50,90359.14,1388.59,10,111,0
C02220,34,38628.41,1017.69,21,35,9
C02221,35,66483.67,307.56,17,74,3
C02222,25,45670.83,673.93,21,3,5
C02223,46,31143.12,522.95,15,54,5
C02224,50,104099.01,7204.38,40,1,4
C02225,27,73718.81,1384.72,10,129,1
C02226,29,44019.69,298.25,8,11,7
C02227,34,33513.45,74.0,2,7,3
C02228,45,,6122.22,30,80,7
C02229,54,77089.48,2875.45,34,6,3
C02230,18,34184.64,151.69,3,10,7
C02231,45,39550.05,494.51,19,94,9
C02232,19,45009.94,257.1,6,26,4
C02233,42,78142.59,2641.74,25,2,6
C02234,31,52032.0,935.3,10,206,2
C02235,43,46177.65,242.32,6,8,2
C02236,53,71936.18,1826.65,16,191,0
C02237,40,59446.59,5323.12,29,13,6
C02238,38,42747.97,804.01,20,2,9
C02239,21,44877.22,522.46,19,165,8
C02240,23,24062.93,472.48,6,56,2
C02241,28,79739.27,708.57,14,1,7
C02242,39,90263.87,5171.04,33,33,7
C02243,28,45586.39,754.04,21,101,10
C02244,33,57712.53,1148.22,23,2,5
C02245,33,27095.57,292.82,20,36,15
C02246,42,78853.46,10466.3,30,16,11
C02247,18,50867.03,470.95,20,55,8
C02248,18,36190.96,183.93,5,57,4
C02249,35,43456.98,1074.91,18,30,8
C02250,42,42818.19,2653.7462711383223,14,6,13
C02251,29,26942.21,164.74,3,54,6
C02252,24,39202.34,175.23,2,85,2
C02253,33,44988.77,745.32,18,70,7
C02254,27,54968.06,324.29,4,35,3
C02255,55,51296.73,2338.6,15,148,1
C02256,23,27713.47,232.56,6,4,2
C02257,33,110043.96,929.07,8,197,1
C02258,18,37779.25,316.45,4,46,3
C02259,38,53979.8,6138.32,33,15,7
C02260,31,32830.49,1107.85,21,11,13
C02261,28,33832.73,83.54,3,12,8
C02262,43,65738.94,580.54,9,154,1
C02263,49,42406.39,344.62,14,1,5
C02264,37,124309.33,4892.73,30,18,9
C02265,33,46295.21,357.21,7,28,1
C02266,54,81766.68,8580.45,37,6,8
C02267,26,30502.45,270.42,3,38,5
C02268,33,55499.31,932.29,20,62,7
C02269,18,40471.99,68.88,3,93,5
C02270,37,37276.99,781.49,7,165,2
C02271,27,,481.02,5,10,2
C02272,31,41521.39,348.55,3,13,6
C02273,29,65837.31,294.63,7,2,0
C02274,53,42538.88,880.87,10,225,1
C02275,27,53308.23,1713.31,13,229,0
C02276,46,69264.59,5724.47,32,40,7
C02277,22,49552.56,452.08,6,28,1
C02278,46,60039.53,4226.87,26,2,6
C02279,44,52534.52,1453.93,15,119,1
C02280,41,28085.49,80.41,2,43,4
C02281,53,43670.69,377.07,18,9,10
C02282,34,88324.82,5263.33,30,6,6
C02283,47,66483.75,305.89,15,6,13
C02284,31,54018.56,222.2,3,16,1
C02285,44,127526.33,3713.48,28,6,7
C02286,43,90307.58,4146.59,31,24,5
C02287,53,68571.21,1035.03,9,241,1
C02288,25,23752.1,1143.4,6,22,2
C02289,34,111767.92,2233.86,30,21,7
C02290,41,44113.71,336.63,12,12,9
C02291,44,54017.02,743.34,15,181,0
C02292,38,40907.76,201.44,3,3,7
C02293,37,52585.77,152.11,6,30,3
C02294,42,24367.11,1335.68,14,15,10
C02295,35,41626.83,650.18,14,60,9
C02296,60,96795.54,5087.66,31,13,4
C02297,27,45429.94,305.08,5,1,3
C02298,56,116092.4,3718.49,36,2,6
C02299,28,91919.57,2615.97,18,10,6
C02300,23,24126.05,282.08,4,56,2
C02301,60,,327.61,6,146,2
C02302,29,26921.7,270.33,3,0,2
C02303,35,50409.84,921.76,16,18,7
C02304,50,40136.35,423.9,18,1,10
C02305,25,35799.84,518.14,17,32,12
C02306,35,41943.53,650.7,23,32,7
C02307,29,55840.27,145.78,3,101,1
C02308,43,56701.33,1260.63,26,50,12
C02309,29,48826.01,134.49,3,3,2
C02310,43,59877.18,521.04,7,192,2
C02311,48,58730.62,516.02,13,191,1
C02312,38,101030.78,3942.28,32,2,5
C02313,47,43574.5,617.05,19,2,6
C02314,53,65223.71,3246.51,36,1,9
C02315,47,38540.71,520.39,18,70,8
C02316,31,39462.42,416.78,15,21,11
C02317,36,103905.22,3110.97,32,27,5
C02318,24,19421.56,226.88,4,24,2
C02319,38,35632.85,551.84,12,14,5
C02320,58,52185.33,585.11,9,239,0
C02321,40,97390.02,2805.47,30,2,4
C02322,63,114440.23,1772.45,25,16,7
C02323,18,54177.41,807.97,18,42,8
C02324,36,95358.39,4200.99,33,48,5
C02325,42,31498.83,714.17,27,16,11
C02326,56,57140.8,869.56,14,223,0
C02327,56,81061.73,2157.85,28,2,3
C02328,56,98954.56,3765.75,25,29,8
C02329,38,31672.69,460.29,7,7,6
C02330,47,37140.83,655.23,21,52,5
C02331,18,24460.47,115.62,4,111,4
C02332,33,40447.86,254.59,23,8,6
C02333,49,69730.19,262.32,7,172,0
C02334,47,99578.97,4621.3,32,5,4
C02335,27,38567.95,339.54,20,14,8
C02336,35,34757.25,177.9,4,94,8
C02337,66,71862.11,678.18,15,181,1
C02338,33,44721.4,319.63,18,20,10
C02339,27,44929.83,158.7,4,5,5
C02340,42,100859.31,3290.11,20,0,3
C02341,49,77484.04,4005.18,35,49,4
C02342,48,,5899.4,32,7,5
C02343,26,41550.71,105.82,2,123,1
C02344,33,83111.8,881.29,23,75,11
C02345,29,30654.94,123.62,2,45,3
C02346,39,110414.95,4796.3,29,26,7
C02347,40,52510.95,263.1,10,124,0
C02348,41,86324.27,725.34,11,112,0
C02349,43,71289.72,5629.23,30,0,7
C02350,25,82831.04,2840.73,28,21,7
C02351,53,87774.16,10705.56,37,8,2
C02352,72,68903.35,706.01,8,154,0
C02353,30,19552.96,685.65,24,26,7
C02354,42,38644.91,160.34,1,28,4
C02355,38,82848.27,453.48,14,3,10
C02356,34,34236.23,0.0,0,64,4
C02357,28,47530.26,958.74,16,6,5
C02358,30,44194.81,825.86,15,26,12
C02359,55,53736.87,373.03,11,265,0
C02360,55,71224.2,5934.44,33,9,6
C02361,66,78609.26,856.95,12,214,1
C02362,53,68205.6,2628.52,28,39,7
C02363,40,53610.97,656.97,24,13,6
C02364,51,74129.62,990.91,10,311,2
C02365,23,61386.61,290.33,6,1,3
C02366,20,33667.12,191.88,3,27,4
C02367,32,42630.16,820.78,17,32,13
C02368,38,26858.28,1183.45,18,13,13
C02369,32,46977.15,523.85,16,23,12
C02370,32,35533.27,138.47,2,65,2
C02371,34,33108.42,551.28,12,86,8
C02372,46,35203.86,822.28,20,60,6
C02373,31,30750.56,712.15,21,20,17
C02374,28,32949.73,750.13,23,4,11
C02375,23,54668.47,934.36,24,16,8
C02376,38,112933.98,1898.63,22,11,10
C02377,46,47062.84,342.45,10,107,0
C02378,37,29539.73,164.22,4,58,5
C02379,67,67548.02,3975.11,27,22,7
C02380,27,39762.14,212.28,5,68,1
C02381,48,96565.64,931.8,8,126,1
C02382,25,46591.17,389.53,13,69,10
C02383,33,76039.25,5071.65,35,12,4
C02384,36,86825.28,3036.29,25,2,4
C02385,38,90385.7,4071.71,27,18,5
C02386,36,43479.64,95.47,3,8,1
C02387,31,61848.63,436.21,13,197,2
C02388,33,65419.03,3778.41,21,11,9
C02389,27,48039.99,76.83,3,55,5
C02390,39,67857.83,3059.27,30,11,6
C02391,23,42389.33,0.0,0,11,3
C02392,36,40285.32,197.43,8,7,6
C02393,20,88631.2,649.66,23,15,8
C02394,60,107372.5,5854.91,36,0,4
C02395,25,50114.0,260.22,4,45,4
C02396,50,47966.75,709.07,6,202,0
C02397,45,36488.37,520.92,13,2,7
C02398,51,94447.3,3395.51,32,13,11
C02399,35,70764.69,4392.58,38,1,10
C02400,20,56905.49,171.27,3,15,2
C02401,24,36279.0,227.33,2,28,6
C02402,32,55665.08,204.56,3,81,2
C02403,22,53767.83,363.96,6,38,3
C02404,51,53897.05,909.34,15,120,0
C02405,66,56959.73,755.87,12,208,2
C02406,25,58763.73,604.95,12,30,21
C02407,28,62087.14,232.51,3,40,1
C02408,18,40940.77,567.37,14,44,8
C02409,25,49117.38,729.67,19,23,8
C02410,54,69399.18,1460.86,15,225,1
C02411,18,46613.25,191.64,3,3,6
C02412,51,61069.88,683.42,9,135,3
C02413,38,33706.42,205.61,12,17,6
C02414,22,55479.69,103.34,2,129,7
C02415,41,55123.17,304.25,13,17,10
C02416,24,130808.25,2556.98,24,2,6
C02417,48,29905.56,1903.22,20,1,7
C02418,19,65051.18,309.9,4,2,4
C02419,38,125568.04,3197.52,24,13,3
C02420,53,49590.55,2151.1,22,171,2
C02421,50,121600.06,3549.25,28,3,4
C02422,49,117148.98,4975.79,28,21,5
C02423,28,41721.22,114.57,2,0,3
C02424,28,123122.55,1871.06,31,2,5
C02425,40,,1174.71,15,202,1
C02426,29,51233.13,260.21,8,11,4
C02427,50,96080.09,3897.89,26,10,3
C02428,18,34818.14,1170.78,11,125,1
C02429,18,61791.87,225.97,4,127,6
C02430,22,51105.19,277.54,6,3,6
C02431,42,65823.76,417.18,10,247,1
C02432,25,29595.16,386.32,4,201,3
C02433,27,67419.51,317.68,5,33,4
C02434,30,46264.77,856.88,24,89,10
C02435,32,31275.26,229.53,4,9,3
C02436,61,36033.1,906.69,13,153,1
C02437,21,52059.73,255.42,4,32,5
C02438,34,29834.53,154.3,5,6,2
C02439,41,,361.63,13,62,4
C02440,23,48731.72,273.23,8,29,2
C02441,42,81554.51,298.19,4,168,1
C02442,45,83259.71,5397.64,41,9,7
C02443,48,73713.53,2683.66,26,23,5
C02444,42,42417.51,86.39,1,23,4
C02445,34,30129.19,614.36,16,65,6
C02446,26,32760.82,176.9,5,25,1
C02447,42,65359.03,4533.46,37,8,6
C02448,29,30141.54,422.34,14,11,6
C02449,26,40591.29,117.48,4,11,3
C02450,26,47187.36,124.14,2,51,9
C02451,32,28145.89,587.83,6,15,0
C02452,41,46266.49,81.31,2,4,5
C02453,31,24870.36,164.15,3,31,5
C02454,37,46087.92,123.35,4,38,4
C02455,20,42716.09,446.77,6,15,7
C02456,20,79023.22,167.39,2,112,2
C02457,24,36641.43,64.56,1,6,4
C02458,58,74579.5,2841.74,33,4,2
C02459,50,31226.04,1019.23,18,17,6
C02460,41,21862.82,124.16,2,60,4
C02461,76,35407.4,1170.64,11,264,0
C02462,18,62404.26,397.89,4,5,1
C02463,42,174205.39,3173.27,32,18,6
C02464,28,32682.53,118.33,2,189,5
C02465,36,36312.46,886.54,21,167,10
C02466,35,45953.32,179.4,4,40,10
C02467,36,72866.82,1058.41,10,169,2
C02468,31,39294.51,349.01,4,80,6
C02469,31,37319.81,50.07,4,107,7
C02470,38,52553.18,627.2,17,53,9
C02471,56,33104.66,967.54,22,9,8
C02472,64,42339.98,664.72,10,226,1
C02473,26,84767.11,110.35,5,10,2
C02474,35,30975.74,1059.41,17,10,11
C02475,22,31288.63,688.44,17,39,10
C02476,36,53222.98,5980.65,32,12,4
C02477,46,105353.13,5599.69,29,11,1
C02478,53,87456.22,1704.24,22,8,10
C02479,31,30179.74,550.79,19,4,6
C02480,49,106667.02,1444.99,11,187,2
C02481,34,28439.36,1211.03,16,120,10
C02482,22,88815.5,804.04,14,43,12
C02483,60,72069.77,2160.09,25,13,7
C02484,37,49516.42,1877.08,28,14,9
C02485,46,45288.16,655.84,8,156,1
C02486,35,33851.11,405.44,15,47,11
C02487,37,,269.98,6,17,5
C02488,48,57549.31,1384.19,12,240,1
C02489,49,58417.72,9166.44,40,28,5
C02490,40,35136.19,70.53,1,15,1
C02491,41,68440.47,478.48,8,190,2
C02492,42,29870.77,552.22,17,12,12
C02493,44,113468.87,3095.25,30,2,8
C02494,41,84279.92,376.65,7,247,0
C02495,42,48551.57,843.12,16,192,0
C02496,29,30427.32,158.29,4,43,5
C02497,23,32187.87,136.59,4,5,8
C02498,49,101088.75,5622.88,29,13,7
C02499,69,65245.44,1883.43,12,119,1
C02500,40,39009.98,620.58,11,71,5
C02501,55,108369.6,1808.55,21,52,9
C02502,30,48030.09,491.3754346633774,3,17,2
C02503,49,67054.59,1157.89,12,126,3
C02504,58,116855.07,933.51,12,192,0
C02505,39,49234.36,411.02,19,20,5
C02506,48,111490.53,2154.36,26,8,4
C02507,46,37990.41,340.67,9,203,0
C02508,66,57165.68,339.8,9,197,4
C02509,30,39130.45,242.73,6,148,4
C02510,21,49092.84,378.9,5,13,1
C02511,35,39876.96,746.66,21,70,10
C02512,35,59225.89,539.65,17,54,12
C02513,32,76216.27,4035.28,33,9,8
C02514,48,94650.95,2482.48,28,12,6
C02515,39,99888.4,306.62,17,10,9
C02516,63,104897.4,504.03,10,264,0
C02517,50,70564.09,5085.32,29,18,7
C02518,30,42504.48,636.66,18,5,13
C02519,23,25258.53,148.64,6,91,4
C02520,57,54393.22,4162.38,31,10,4
C02521,42,85067.19,2547.34,34,13,8
C02522,21,41223.94,205.43,3,15,3
C02523,54,39826.54,1096.35,17,16,10
C02524,37,42295.65,376.01,4,73,5
C02525,50,65973.64,1035.56,11,181,0
C02526,43,99461.32,3724.16,30,2,8
C02527,47,127740.64,500.72,9,116,0
C02528,48,62533.61,1182.82,9,229,0
C02529,54,36646.49,634.55,10,182,0
C02530,20,69837.89,403.72,3,10,4
C02531,29,31994.53,152.82,3,3,2
C02532,18,46650.74,313.3,4,150,5
C02533,36,65064.3,164.81,3,27,2
C02534,44,88437.99,1932.76,32,14,8
C02535,56,61123.25,565.48,10,93,0
C02536,32,38589.95,119.48,5,13,4
C02537,26,27901.79,154.65,8,5,5
C02538,38,45005.15,274.2,4,62,12
C02539,28,73132.89,2466.57,24,1,9
C02540,32,50815.26,478.16,19,1,6
C02541,35,33772.35,395.91,14,40,8
C02542,18,32294.24,1185.31,19,75,9
C02543,46,29113.58,249.76,16,28,12
C02544,32,39960.37,586.52,15,7,6
C02545,42,97124.8,90.75,3,79,8
C02546,44,50831.12,897.54,19,3,13
C02547,46,42484.63,1124.73,11,177,1
C02548,47,83819.34,6975.98,27,1,8
C02549,50,62785.39,639.97,15,22,9
C02550,33,41165.98,710.67,22,5,8
C02551,39,37048.83,181.85,2,54,7
C02552,33,24001.14,330.77,13,12,8
C02553,32,55948.16,164.72,4,69,2
C02554,54,106912.26,878.87,9,123,1
C02555,18,56201.11,486.46,18,14,6
C02556,31,47626.12,365.78,5,35,6
C02557,43,87725.51,3570.64,24,3,7
C02558,27,83906.49,505.55,14,4,5
C02559,28,35951.51,398.34,17,1,10
C02560,47,53239.37,5234.4,26,2,3
C02561,22,43923.15,315.5,7,8,6
C02562,28,60795.84,187.13,4,102,6
C02563,24,37923.63,183.09,3,175,5
C02564,35,38862.89,1434.56,22,14,8
C02565,20,28239.36,578.15,10,8,2
C02566,34,22105.62,266.76,8,8,12
C02567,28,50004.28,2702.85,29,24,4
C02568,31,72616.26,3395.67,29,1,10
C02569,31,39092.85,265.38,5,131,4
C02570,59,56241.79,271.51,8,217,0
C02571,42,104945.29,3908.75,23,14,5
C02572,23,34728.87,259.45,4,19,4
C02573,18,45583.66,234.44,2,7,3
C02574,52,90667.0,542.46,8,148,1
C02575,35,36555.28,46.58,1,128,5
C02576,19,37842.33,208.08,4,8,2
C02577,26,55169.13,91.43,2,57,3
C02578,67,66987.44,819.27,10,109,1
C02579,48,70700.12,2158.52,24,14,8
C02580,50,50028.21,666.05,9,85,2
C02581,54,82164.14,3597.84,26,81,5
C02582,49,40058.17,458.25,8,179,0
C02583,47,135939.19,2356.85,28,16,5
C02584,45,,2968.04,29,21,5
C02585,48,126405.56,2526.69,28,3,6
C02586,35,40413.14,565.23,13,38,5
C02587,28,46636.47,842.61,19,1,9
C02588,56,65807.95,2850.54,25,14,5
C02589,52,39877.03,459.81,22,128,11
C02590,51,54135.79,659.27,23,15,16
C02591,28,38960.18,354.78,7,1,2
C02592,53,73480.63,1246.82,11,257,1
C02593,39,38135.08,233.59,3,11,3
C02594,25,120082.13,4673.26,35,14,6
C02595,37,35331.75,524.81,11,23,11
C02596,56,65963.26,554.36,8,158,1
C02597,46,66661.35,7111.12,34,1,6
C02598,35,50228.73,846.85,25,9,12
C02599,39,39268.88,321.79,6,148,0
C02600,58,54614.43,6451.48337582103,7,212,0
C02601,25,,435.44,16,63,11
C02602,33,43752.36,170.51,4,37,3
C02603,26,54907.32,297.3,15,9,3
C02604,31,35088.7,105.28,3,38,1
C02605,41,84387.95,4254.61,36,13,6
C02606,41,79268.99,3815.63,32,3,6
C02607,34,38705.78,415.89,5,35,3
C02608,38,37189.26,2229.45,22,17,9
C02609,29,37994.89,657.73,8,119,4
C02610,21,58956.97,623.33,20,16,8
C02611,47,45658.17,1865.68,12,186,1
C02612,48,70431.14,1701.87,13,173,0
C02613,35,37656.72,454.5,17,107,11
C02614,21,65152.53,273.04,5,188,8
C02615,20,36986.04,468.03,10,62,12
C02616,37,71785.39,622.8,17,21,15
C02617,43,81906.3,4285.35,37,36,5
C02618,49,52608.16,591.78,12,210,1
C02619,49,61633.84,875.58,12,195,2
C02620,44,87397.29,705.17,8,69,1
C02621,36,44067.15,375.26,6,111,0
C02622,35,92754.26,658.58,14,223,2
C02623,18,62792.93,849.25,17,52,9
C02624,35,78716.68,496.84,7,129,1
C02625,26,39671.87,150.49,5,120,6
C02626,41,27084.55,1276.17,14,5,12
C02627,22,47041.18,217.95,5,30,1
C02628,39,34728.46,539.29,14,63,12
C02629,40,27821.47,462.05,14,31,8
C02630,28,28059.36,378.14,12,44,5
C02631,41,83276.3,3405.57,23,62,8
C02632,29,41869.0,468.94,20,6,5
C02633,43,56514.89,1527.55,15,187,1
C02634,34,43316.07,209.43,6,98,7
C02635,25,50666.5,208.52,4,12,7
C02636,27,30410.65,486.38,12,37,10
C02637,31,50767.27,500.43,16,27,9
C02638,43,99378.74,1828.94,18,16,7
C02639,49,63604.9,347.28,9,259,0
C02640,46,74561.54,2923.49,28,26,4
C02641,39,77585.26,112.37,6,128,5
C02642,18,48832.78,491.25,6,15,2
C02643,34,34814.96,106.89,2,8,5
C02644,56,76840.89,463.36,10,141,0
C02645,18,50378.74,726.73,15,15,12
C02646,51,34166.92,544.42,8,224,0
C02647,31,22029.4,466.91,5,5,2
C02648,28,29404.47,318.83,5,39,5
C02649,28,52607.83,258.86,4,17,4
C02650,53,29800.38,248.57,9,210,1
C02651,48,68292.26,1165.22,12,155,1
C02652,45,60358.76,900.27,19,15,8
C02653,65,76455.86,478.32,6,194,1
C02654,32,37359.33,253.68,3,46,5
C02655,31,58112.04,671.15,23,8,4
C02656,65,80800.88,1176.53,9,243,2
C02657,51,41210.81,401.78,19,6,5
C02658,24,52747.63,295.76,6,39,1
C02659,37,161913.43,6486.1,34,11,4
C02660,33,29000.99,624.24,8,13,7
C02661,49,70870.11,638.04,11,144,0
C02662,32,37987.71,494.83,13,67,4
C02663,22,33978.86,520.31,18,80,13
C02664,26,92392.04,671.56,16,23,12
C02665,43,29582.65,1753.65,28,67,4
C02666,63,44311.56,277.33,5,210,2
C02667,51,38094.28,651.97,15,141,0
C02668,42,134637.5,4221.43,24,7,5
C02669,26,29149.08,312.17,4,9,4
C02670,34,62066.73,411.93,15,0,7
C02671,33,26525.87,360.31,9,9,4
C02672,40,37116.38,895.27,17,11,5
C02673,41,36695.66,1697.92,23,5,10
C02674,28,42771.8,792.87,15,4,8
C02675,26,33256.91,163.15,8,108,5
C02676,40,42024.68,1873.03,22,43,14
C02677,25,76622.34,748.79,17,11,9
C02678,48,51057.24,647.78,14,201,1
C02679,23,66698.13,48.94,1,58,3
C02680,20,47536.61,1020.8,26,35,9
C02681,50,71766.34,736.91,9,187,0
C02682,29,50409.89,389.5,6,177,2
C02683,53,97936.95,3904.78,35,19,6
C02684,18,32395.23,189.4,2,26,5
C02685,54,50207.22,818.0,20,12,11
C02686,26,27024.54,190.18,2,33,7
C02687,31,44301.78,1089.24,14,12,4
C02688,30,47483.79,177.47,4,86,4
C02689,45,64255.63,505.06,16,11,10
C02690,18,35252.85,552.72,19,5,7
C02691,33,64259.59,681.38,12,171,2
C02692,30,35278.17,1380.85,17,13,15
C02693,52,86495.7,747.82,12,166,1
C02694,50,50755.06,891.92,11,228,4
C02695,53,86212.23,565.84,8,198,1
C02696,46,72150.41,3149.06,31,1,5
C02697,40,67248.66,980.72,14,161,2
C02698,42,62094.54,5162.76,30,3,11
C02699,45,78062.92,690.15,17,21,13
C02700,63,52827.98,1026.03,13,255,3
C02701,27,44659.12,36.15,1,86,5
C02702,32,75560.11,290.56,5,66,2
C02703,21,29878.46,1206.68,20,23,7
C02704,47,59309.98,1353.29,15,99,2
C02705,28,39178.85,0.0,0,15,3
C02706,18,60830.5,1001.98,23,90,12
C02707,57,42716.28,1182.78,7,173,1
C02708,36,38714.43,604.8,14,6,8
C02709,33,111681.72,5333.91,34,3,5
C02710,18,35947.15,70.02,2,26,3
C02711,39,65097.43,1694.67,11,131,0
C02712,41,54892.16,395.94,13,12,14
C02713,22,34552.13,444.66,13,14,10
C02714,52,76225.33,6167.88,39,28,4
C02715,37,43263.98,439.79,10,149,3
C02716,27,29825.64,440.6,11,103,11
C02717,21,30073.1,710.72,21,32,9
C02718,59,77256.89,544.16,6,126,3
C02719,56,46234.25,3215.37,25,2,5
C02720,25,,85.79,1,114,4
C02721,46,46745.53,601.58,16,79,14
C02722,54,109635.35,804.86,13,100,1
C02723,20,27916.0,671.26,14,3,10
C02724,27,22033.98,871.14,29,7,9
C02725,25,92940.06,3911.75,28,55,4
C02726,27,43209.59,91.07,2,6,7
C02727,18,14690.31,390.69,5,23,3
C02728,41,64216.81,4405.32,36,22,5
C02729,38,28183.92,528.92,20,8,9
C02730,58,69524.25,343.98,8,234,1
C02731,39,101527.74,4075.6,24,7,8
C02732,29,43063.98,649.63,15,73,15
C02733,35,47201.91,431.65,5,52,3
C02734,49,54419.44,546.96,18,65,8
C02735,22,48111.91,850.77,23,68,5
C02736,34,42770.65,986.8,21,75,5
C02737,49,96552.84,4023.55,24,5,10
C02738,18,40221.41,111.05,2,55,6
C02739,21,28109.76,132.03,2,65,3
C02740,18,33843.67,774.19,5,19,4
C02741,43,91799.58,1349.54,22,5,4
C02742,47,47088.01,989.83,12,208,0
C02743,51,84223.22,4489.02,23,37,4
C02744,23,42170.44,190.56,7,19,3
C02745,23,37704.87,423.11,13,4,7
C02746,28,47981.92,159.11,5,21,7
C02747,46,79038.33,3678.83,26,23,8
C02748,46,80948.52,3238.57,27,45,9
C02749,45,71808.9,413.7,15,1,4
C02750,49,75905.83,3892.76,27,0,9
C02751,27,54676.51,658.68,22,3,7
C02752,28,33709.44,152.83,4,18,3
C02753,25,50210.34,607.19,7,208,1
C02754,49,87270.7,2793.18,31,47,5
C02755,50,49560.39,694.02,15,142,2
C02756,26,35016.54,169.16,2,29,6
C02757,56,46530.64,551.43,9,163,1
C02758,27,22808.82,509.52,8,18,7
C02759,27,39490.73,61.68,2,21,5
C02760,32,38381.86,129.47,2,1,5
C02761,23,49423.94,391.93,4,1,1
C02762,41,43821.84,239.57,7,214,3
C02763,32,91246.64,3822.84,31,8,8
C02764,35,28985.57,1379.28,24,64,9
C02765,49,76649.92,4273.6,29,13,9
C02766,68,63914.92,1235.12,12,170,1
C02767,46,33262.72,278.33,12,14,13
C02768,36,66050.51,309.14,7,30,3
C02769,33,92951.74,1125.02,10,178,1
C02770,58,63265.17,675.23,10,168,3
C02771,49,76488.1,3032.7,22,26,3
C02772,32,60741.32,407.28,8,61,8
C02773,51,55127.76,327.4,6,149,1
C02774,50,100557.11,4701.66,38,3,7
C02775,32,20903.39,87.4,2,4,2
C02776,33,26703.8,438.75,15,47,9
C02777,26,49371.97,435.06,4,105,3
C02778,40,55743.13,571.01,22,33,7
C02779,39,35096.57,576.71,21,14,3
C02780,46,102801.8,3740.74,35,11,8
C02781,31,75745.8,2341.96,32,6,9
C02782,49,72313.08,5726.1,33,16,3
C02783,28,17616.3,216.42,3,20,4
C02784,43,42178.31,1319.82,29,5,8
C02785,48,99263.39,2936.74,23,2,3
C02786,23,64066.75,190.06,4,78,2
C02787,35,59384.11,337.3,6,21,2
C02788,33,37263.27,217.81,3,10,6
C02789,46,67094.57,773.43,10,150,4
C02790,44,23816.33,1011.61,18,100,7
C02791,24,62611.37,891.34,15,145,2
C02792,32,60850.62,5918.87,34,22,1
C02793,28,39569.12,876.19,8,68,3
C02794,66,49522.84,1273.57,12,165,0
C02795,27,71089.71,314.25,9,165,1
C02796,28,37313.57,28.77,1,46,1
C02797,27,56424.81,146.65,2,1,4
C02798,40,39960.02,655.25,18,43,10
C02799,34,63823.97,59.01,2,18,1
C02800,26,46166.48,103.42,2,32,4
C02801,39,41212.44,613.51,8,274,1
C02802,44,34593.84,1086.69,29,22,12
C02803,44,106038.59,3319.83,20,5,6
C02804,22,41157.01,252.61,2,36,2
C02805,53,71984.02,2907.56,26,3,4
C02806,37,29964.69,523.77,20,13,12
C02807,30,28244.79,615.05,20,46,15
C02808,35,45600.84,0.0,0,10,10
C02809,38,75447.65,6983.91,26,0,10
C02810,50,97837.58,5468.74,34,27,6
C02811,41,76454.46,7336.13,37,4,10
C02812,33,83922.83,583.78,12,124,1
C02813,27,95054.64,0.0,0,14,3
C02814,55,71020.99,3439.27,22,50,6
C02815,33,61178.58,3580.25,27,8,7
C02816,32,39736.51,120.04,3,19,6
C02817,44,40862.75,1531.06,19,5,10
C02818,30,37380.33,194.48,3,8,4
C02819,18,60015.06,295.66,13,6,4
C02820,65,113455.76,1587.64,18,277,2
C02821,32,60955.56,551.47,16,48,4
C02822,21,33919.44,64.7,1,44,5
C02823,61,97914.02,6744.83,35,4,3
C02824,68,81005.54,591.13,10,162,1
C02825,57,63573.41,546.28,10,151,1
C02826,27,19123.87,41.19,1,66,6
C02827,44,36775.22,739.96,20,22,11
C02828,29,83650.92,4514.58,28,2,8
C02829,56,71957.83,656.19,8,281,1
C02830,27,44652.11,34.62,1,28,1
C02831,28,42400.51,300.43,15,50,8
C02832,34,36951.22,426.89,21,1,10
C02833,19,76687.92,705.16,22,119,9
C02834,59,59541.26,924.27,8,209,1
C02835,29,39583.26,101.78,3,78,6
C02836,18,55692.33,383.67,5,132,2
C02837,22,189504.98,507.44,6,4,2
C02838,18,26666.43,2004.81,20,11,6
C02839,42,31087.27,502.83,14,5,8
C02840,49,110349.34,3082.99,33,1,3
C02841,33,50928.43,48.05,1,32,3
C02842,35,23735.38,441.99,15,121,11
C02843,46,65414.42,839.44,16,86,7
C02844,24,22696.53,273.02,9,30,10
C02845,47,80969.2,3340.19,31,48,7
C02846,18,40611.14,30.67,1,28,5
C02847,36,43827.37,679.83,20,10,16
C02848,36,45212.48,4477.17,32,2,5
C02849,28,39296.26,58.47,2,80,5
C02850,44,68286.35,1167.39,23,12,8
C02851,35,42287.83,855.17,17,33,5
C02852,28,,694.33,18,29,9
C02853,64,61909.91,1194.85,10,232,2
C02854,34,83050.43,485.58,21,41,10
C02855,28,36543.69,252.75,3,63,4
C02856,52,76987.42,823.68,10,153,0
C02857,26,33355.45,239.0,5,130,4
C02858,45,65352.03,495.24,17,9,7
C02859,31,46780.14,210.09,7,12,5
C02860,41,81539.14,635.08,19,58,11
C02861,40,40741.06,774.95,18,84,11
C02862,26,61592.26,209.48,6,96,1
C02863,35,45349.25,866.32,21,42,8
C02864,43,94439.43,4245.41,29,16,6
C02865,41,32594.78,476.39,17,37,9
C02866,56,118595.44,8680.8,36,25,6
C02867,41,42023.55,462.06,17,50,9
C02868,23,32263.82,110.01,3,76,3
C02869,25,84577.25,481.83,10,167,0
C02870,46,63059.68,3514.76,32,9,6
C02871,29,84464.11,128.22,2,49,1
C02872,29,29142.28,835.75,16,12,7
C02873,28,110939.18,2926.85,28,31,5
C02874,27,25196.35,643.34,17,46,11
C02875,48,52471.9,2254.0,27,15,9
C02876,48,84051.66,3198.33,22,23,6
C02877,37,62356.1,952.72,18,58,8
C02878,38,33345.94,747.48,18,23,9
C02879,27,50513.59,373.81,4,30,6
C02880,58,80009.93,4555.89,25,17,6
C02881,43,95779.97,2304.21,24,18,11
C02882,42,85155.16,5559.97,30,14,7
C02883,36,27840.74,141.06,3,43,4
C02884,42,46416.34,457.57,29,41,15
C02885,22,58489.63,401.09,7,28,4
C02886,50,55536.05,500.69,17,55,10
C02887,34,82570.17,4958.01,37,44,6
C02888,55,54739.34,392.07,8,228,2
C02889,43,116314.24,2001.69,22,3,6
C02890,37,64115.34,6563.87,46,0,4
C02891,53,133066.69,5437.8,34,21,7
C02892,54,57751.26,548.38,7,189,0
C02893,22,55120.5,323.21,3,3,5
C02894,22,71518.39,87.33,2,18,4
C02895,54,,633.99,12,143,2
C02896,36,93611.08,3385.55,29,12,6
C02897,59,92482.46,1225.54,9,199,1
C02898,54,64400.94,1986.01,20,5,8
C02899,22,39042.56,82.69,4,20,4
C02900,37,54841.01,426.06,14,48,12
C02901,44,28010.55,601.09,17,53,7
C02902,47,98985.77,877.45,11,241,1
C02903,55,100996.87,3381.09,24,21,12
C02904,50,,1473.8,14,232,0
C02905,52,55467.59,942.54,17,4,8
C02906,18,33825.64,947.6,6,81,2
C02907,51,59882.71,500.45,8,123,1
C02908,46,94932.46,4987.46,32,11,8
C02909,64,86368.55,772.23,10,180,1
C02910,26,69570.05,620.64,7,16,6
C02911,36,42115.47,284.43,5,8,5
C02912,41,67064.73,3913.9,22,5,3
C02913,28,46228.23,616.16,6,55,3
C02914,18,44088.44,189.08,10,3,3
C02915,41,39212.42,896.66,24,24,15
C02916,36,94951.78,4822.98,32,4,4
C02917,21,53790.56,613.8,18,11,8
C02918,41,61280.36,592.68,7,259,2
C02919,46,102771.07,3854.87,24,3,3
C02920,26,54708.55,102.76,4,45,9
C02921,50,45953.7,894.23,9,234,1
C02922,20,99685.03,3904.33,28,10,4
C02923,49,55667.64,2705.97,23,8,6
C02924,32,62331.19,158.24,5,22,7
C02925,30,57322.21,4527.81,32,8,1
C02926,30,27433.1,229.96,6,35,4
C02927,26,32228.07,274.78,8,87,3
C02928,24,82225.53,258.66,4,21,6
C02929,34,41247.36,860.11,18,25,10
C02930,28,69927.09,250.85,4,64,3
C02931,27,32572.99,174.02,5,7,1
C02932,48,91033.65,4337.08,31,3,9
C02933,22,47663.01,374.27,5,188,2
C02934,44,58878.09,856.9,8,195,1
C02935,27,33386.67,523.83,6,13,5
C02936,54,34498.36,1145.21,17,43,6
C02937,23,40743.84,308.97,13,4,11
C02938,38,95168.62,3797.1,32,56,3
C02939,52,48180.14,601.94,16,47,11
C02940,47,121099.6,4804.56,36,2,4
C02941,58,84456.59,817.95,10,230,0
C02942,32,43573.43,715.68,26,54,9
C02943,58,66882.6,1396.26,10,129,1
C02944,55,77386.03,4457.47,32,1,8
C02945,35,46222.18,547.09,13,7,11
C02946,32,46358.12,475.99,8,53,11
C02947,36,41273.96,499.42,19,22,3
C02948,33,66762.88,671.49,6,27,2
C02949,51,49564.97,522.97,9,174,0
C02950,33,80337.16,888.59,8,205,2
C02951,36,61649.08,3555.17,35,4,5
C02952,23,38987.21,192.58,2,44,4
C02953,45,76266.81,4269.32,32,28,7
C02954,56,87517.08,528.32,6,141,1
C02955,26,56507.67,641.81,15,48,8
C02956,48,38999.38,671.15,20,7,11
C02957,35,134686.56,4608.92,36,5,5
C02958,40,87163.13,5005.85,37,14,4
C02959,39,43159.91,714.5,22,16,7
C02960,64,52961.68,868.43,15,184,1
C02961,36,46659.46,250.29,3,13,0
C02962,37,50086.84,543.35,10,164,2
C02963,36,223440.81,2147.5,23,13,5
C02964,33,30399.37,155.64,3,36,5
C02965,44,79179.84,1003.82,22,19,9
C02966,39,28208.43,0.0,0,1,1
C02967,30,22571.12,672.22,21,13,5
C02968,43,67611.2,971.07,14,1,6
C02969,21,36427.1,399.18,4,5,5
C02970,51,88144.39,3340.4,29,28,6
C02971,39,46681.76,1955.72,20,49,17
C02972,22,53182.72,39.55,1,34,4
C02973,45,120424.2,4948.08,32,7,6
C02974,72,98380.12,517.39,8,198,0
C02975,31,37139.77,705.99,24,36,7
C02976,59,46513.89,508.47,12,153,1
C02977,23,32173.22,273.45,4,21,4
C02978,26,64885.23,278.31,4,16,4
C02979,24,29939.22,378.81,4,85,3
C02980,45,65231.14,1579.71,12,182,0
C02981,22,44781.66,262.82,4,67,3
C02982,49,64896.46,482.71,16,34,13
C02983,28,64161.86,3458.27,21,0,7
C02984,29,67561.24,336.33,5,6,5
C02985,49,75576.5,4285.59,35,34,6
C02986,41,51711.43,399.0,9,6,7
C02987,46,68533.05,7388.07,39,49,8
C02988,29,32494.33,128.9,3,74,2
C02989,50,130355.87,4069.7,24,1,5
C02990,33,47365.91,245.69,4,16,2
C02991,33,65938.4,198.08,4,16,3
C02992,38,83474.68,476.59,8,93,1
C02993,31,66267.78,236.29,14,83,9
C02994,18,25682.11,29.95,2,56,6
C02995,23,30378.84,114.08,3,33,7
C02996,24,30902.24,689.5,26,4,8
C02997,33,40893.79,327.36,6,30,3
C02998,53,64483.9,6014.02,28,6,6
C02999,55,56114.73,480.92,9,165,0
C03000,36,114181.15,4137.58,33,9,6
C03001,62,,962.91,8,220,2
C03002,37,49124.53,281.45,4,15,7
C03003,47,47681.06,579.76,20,6,9
C03004,18,31685.77,187.02,3,9,5
C03005,45,82306.77,4364.74,27,7,5
C03006,36,62576.81,262.72,4,84,4
C03007,27,54244.48,199.37,2,27,8
C03008,51,125142.91,5756.33,40,4,4
C03009,50,94573.83,4035.11,28,1,6
C03010,23,53325.43,171.59,4,1,4
C03011,38,38755.16,692.35,18,18,15
C03012,68,97453.39,548.11,8,167,0
C03013,27,44946.17,100.97,3,8,1
C03014,30,69264.43,536.48,6,30,1
C03015,29,53517.47,937.76,20,43,9
C03016,34,46486.64,312.35,5,14,5
C03017,45,39662.12,1237.18,12,258,2
C03018,44,51075.71,2780.99,26,12,6
C03019,42,53663.34,488.0,13,77,16
C03020,23,39565.29,283.92,16,70,4
C03021,29,63331.41,361.86,15,3,7
C03022,31,30886.02,240.52,3,61,4
C03023,37,85836.85,592.09,17,4,8
C03024,36,53242.27,381.99,6,10,5
C03025,29,52963.5,595.21,14,30,16
C03026,49,92914.39,3139.01,28,0,3
C03027,27,43919.2,730.68,29,1,9
C03028,62,81202.63,1193.35,11,218,2
C03029,26,41521.2,317.76,5,55,5
C03030,26,46847.99,443.78,20,50,9
C03031,30,34843.43,282.95,5,22,2
C03032,41,108560.25,4790.66,26,45,2
C03033,35,65875.28,1064.15,11,17,7
C03034,42,24100.52,809.81,16,79,6
C03035,47,71161.83,696.29,7,188,0
C03036,30,44094.31,182.05,4,47,4
C03037,21,51322.13,261.92,5,89,5
C03038,52,86765.47,2758.78,27,23,6
C03039,35,87578.7,3122.85,25,17,3
C03040,20,29433.39,395.99,8,103,2
C03041,53,41948.14,508.07,18,80,18
C03042,48,74536.1,214.6,6,168,0
C03043,23,45434.42,381.02,6,45,5
C03044,27,66006.3,658.04,15,3,9
C03045,27,48846.09,63.53,4,77,3
C03046,55,74428.93,485.67,11,204,0
C03047,28,26552.14,424.58,21,38,9
C03048,24,50696.1,177.19,6,64,5
C03049,29,71078.81,1356.81,19,202,0
C03050,35,68682.3,808.73,23,29,6
C03051,54,37039.0,1197.54,15,147,1
C03052,36,103832.42,2947.29,33,19,6
C03053,32,25505.7,301.26,4,57,5
C03054,25,42958.74,274.65,4,52,4
C03055,25,44893.07,231.37,4,102,4
C03056,20,50628.57,463.26,15,57,13
C03057,20,62446.27,1254.4,9,21,4
C03058,27,80251.78,9390.2,33,27,4
C03059,45,75091.16,5368.98,42,10,3
C03060,36,38536.2,651.4,17,0,10
C03061,24,36771.06,149.3,2,2,1
C03062,32,43127.24,480.22,22,4,16
C03063,40,,455.39,16,3,6
C03064,58,,446.8,11,176,5
C03065,45,38039.04,754.29,17,41,8
C03066,35,48887.24,484.84,14,18,11
C03067,25,50300.89,2193.26,23,3,8
C03068,37,118698.1,4439.48,22,3,8
C03069,21,47808.55,221.37,3,46,2
C03070,39,50618.13,1068.57,17,26,6
C03071,61,100365.13,1900.47,31,9,5
C03072,61,35565.14,464.34,8,218,2
C03073,51,43126.06,476.42,9,192,0
C03074,21,50750.51,60.49,3,28,3
C03075,54,63285.05,459.99,6,203,0
C03076,61,52563.62,785.89,11,205,2
C03077,34,52294.05,682.12,16,40,15
C03078,27,69302.15,122.66,3,35,4
C03079,27,32526.99,197.95,3,206,5
C03080,38,43377.11,609.03,14,7,9
C03081,48,41291.01,473.16,19,4,5
C03082,54,92306.91,4504.23,26,7,8
C03083,28,44879.48,118.03,2,61,4
C03084,24,31517.41,303.71,5,7,2
C03085,31,43840.27,274.85,2,39,4
C03086,20,49950.62,1123.68,17,20,9
C03087,45,106082.33,4767.15,28,3,3
C03088,25,35265.62,640.76,16,39,10
C03089,35,45861.61,561.51,7,23,6
C03090,51,56831.17,1047.48,11,103,0
C03091,47,44952.34,547.71,7,149,0
C03092,36,203949.03,1255.28,11,174,0
C03093,46,66444.16,951.18,12,131,2
C03094,46,69824.89,1604.09,15,238,2
C03095,26,33842.59,761.9,17,47,9
C03096,45,133666.93,2630.26,31,5,5
C03097,42,75522.86,9558.95,42,1,6
C03098,33,53348.57,216.79,13,15,13
C03099,40,61722.44,534.06,15,25,8
C03100,52,67391.45,5443.98,31,10,4
C03101,45,46325.16,1023.87,12,151,1
C03102,53,66222.47,2926.81,36,3,2
C03103,64,31592.11,622.67,8,217,0
C03104,28,40947.04,164.52,6,58,1
C03105,23,41254.3,393.9,5,28,5
C03106,31,48573.08,329.13,5,87,4
C03107,18,34632.74,430.37,11,10,6
C03108,26,41812.8,143.33,3,46,5
C03109,47,103395.13,2933.58,26,20,4
C03110,51,40225.51,798.69,13,173,0
C03111,39,42317.75,458.48,17,21,8
C03112,34,43606.49,573.7,14,27,11
C03113,24,56707.24,71.07,2,10,2
C03114,26,37159.13,200.05,3,90,6
C03115,35,42899.97,571.43,12,31,4
C03116,39,77724.71,113.32,5,35,1
C03117,35,76592.39,6933.22,42,6,6
C03118,33,49519.19,200.36,3,7,3
C03119,22,41268.7,770.94,18,1,9
C03120,24,41374.75,1451.41,31,20,12
C03121,48,115454.92,2662.44,29,19,3
C03122,53,65885.86,399.81,18,7,14
C03123,28,52488.77,574.79,20,1,5
C03124,22,26217.5,353.03,11,99,16
C03125,47,83004.91,2719.16,20,48,6
C03126,44,60867.16,4159.28,29,4,9
C03127,31,44041.69,246.56,3,49,2
C03128,46,64566.16,5000.89,33,3,5
C03129,29,28470.92,105.11,2,39,5
C03130,54,56033.01,526.61,8,167,1
C03131,31,51411.24,1387.62,20,114,6
C03132,41,57918.26,766.44,11,129,0
C03133,43,60256.8,9018.49,34,11,8
C03134,42,74450.39,4648.04,35,14,5
C03135,26,48194.99,145.02,2,69,3
C03136,18,36685.49,66.42,1,3,7
C03137,40,56249.53,518.53,10,157,2
C03138,49,84576.89,5506.29,44,36,4
C03139,23,27652.01,57.47,2,104,4
C03140,32,49834.24,932.46,14,48,13
C03141,33,75684.91,545.38,17,15,11
C03142,54,68456.98,3573.81,34,11,4
C03143,50,56951.01,508.31,8,215,0
C03144,43,62039.56,5424.89,34,0,3
C03145,55,40468.86,1768.66,17,158,0
C03146,19,33520.09,235.6,3,0,4
C03147,32,45760.04,110.2,4,25,3
C03148,40,30393.31,177.94,5,35,4
C03149,61,47980.18,2341.62,13,190,2
C03150,42,66489.97,5711.18,27,31,8
C03151,46,73072.59,5310.01,29,6,7
C03152,34,20872.42,76.31,3,46,3
C03153,44,44708.87,1227.49,25,30,8
C03154,40,77028.03,2848.32,32,6,7
C03155,44,47949.77,4321.08,36,2,8
C03156,35,41160.82,387.97,14,128,9
C03157,52,92774.97,6097.18,42,43,3
C03158,61,86723.33,2371.06,24,16,6
C03159,32,52042.79,499.48,8,157,2
C03160,31,40728.94,618.09,17,25,6
C03161,39,66380.77,660.45,8,176,1
C03162,47,84160.52,1794.47,12,180,1
C03163,38,76147.82,5343.68,35,12,11
C03164,35,48923.56,347.87,5,49,2
C03165,33,63547.89,255.36,6,6,7
C03166,32,32339.18,164.55,4,68,4
C03167,38,59882.48,3988.48,35,4,6
C03168,37,67467.48,3094.37,27,7,4
C03169,50,77352.23,3900.42,39,3,7
C03170,18,54590.21,53.02,1,6,5
C03171,58,63659.77,856.11,10,129,0
C03172,28,37952.98,68.74,1,161,4
C03173,25,40065.9,962.7,10,42,6
C03174,50,56680.02,807.13,8,223,0
C03175,30,75274.26,85.72,2,41,7
C03176,59,72506.86,6028.82,34,9,7
C03177,38,80408.13,663.47,9,218,0
C03178,20,67989.39,961.08,20,12,13
C03179,54,63640.25,12698.99,39,35,9
C03180,31,84662.89,1014.58,18,11,14
C03181,54,68901.45,1045.78,12,144,0
C03182,33,45645.45,964.53,12,41,6
C03183,33,43862.91,470.68,19,118,3
C03184,48,89751.15,3185.65,21,36,9
C03185,57,71953.55,8189.97,39,2,9
C03186,47,104185.42,3161.55,33,18,4
C03187,19,34572.98,123.65,3,3,4
C03188,42,58362.32,511.66,9,172,1
C03189,53,113874.9,4542.66,36,5,4
C03190,47,57871.63,366.28,18,17,14
C03191,44,164246.61,2264.57,28,1,6
C03192,46,86619.0,6950.48,31,4,11
C03193,20,37320.61,152.64,3,70,6
C03194,41,30072.88,261.79,4,20,4
C03195,27,25284.0,101.57,4,44,3
C03196,29,56176.1,482.1,21,10,11
C03197,38,43865.06,305.14,5,129,8
C03198,59,68001.86,3396.96,28,2,3
C03199,34,133956.78,3024.23,28,24,9
C03200,30,84437.01,245.31,8,197,0
C03201,18,47155.82,170.19,4,5,4
C03202,48,73711.68,428.57,7,239,2
C03203,50,65856.26,747.49,13,168,1
C03204,18,48525.86,352.25,7,42,5
C03205,55,77461.93,845.26,12,137,2
C03206,54,44582.67,1221.44,27,23,5
C03207,42,95558.49,3743.01,24,1,3
C03208,35,75351.96,4685.79,30,8,6
C03209,34,49419.01,3912.58,46,5,5
C03210,51,58665.78,4043.92,27,2,4
C03211,32,65148.75,674.71,20,103,9
C03212,22,52750.93,348.12,3,27,3
C03213,18,59967.81,507.97,6,30,1
C03214,20,53981.69,392.71,8,7,3
C03215,38,81658.4,5778.68,41,11,12
C03216,22,46563.6,376.53,6,98,4
C03217,24,41641.88,428.96,22,11,13
C03218,44,83085.02,3659.11,30,3,4
C03219,38,52741.91,456.79,17,6,13
C03220,37,52791.92,777.93,15,11,3
C03221,31,52473.44,599.67,15,6,12
C03222,44,47438.03,2699.68,16,271,1
C03223,18,31310.91,42.25,1,40,4
C03224,25,49708.84,153.73,5,5,2
C03225,38,93401.82,8040.08,31,18,9
C03226,37,56962.24,1093.86,10,142,1
C03227,28,82712.91,910.15,7,0,1
C03228,56,110196.45,4748.01,32,4,1
C03229,27,29715.57,382.35,6,15,9
C03230,30,45271.98,706.94,19,2,9
C03231,35,39191.59,536.02,16,122,5
C03232,58,87187.4,4194.34,30,1,7
C03233,37,47624.77,574.52,12,46,4
C03234,40,91800.31,2127.0,32,5,11
C03235,44,83614.33,2712.8,23,2,3
C03236,43,93948.7,2896.84,25,9,9
C03237,47,57240.2,350.96,3,133,3
C03238,24,58827.01,813.11,21,13,15
C03239,36,,1022.08,26,3,8
C03240,50,39225.76,817.45,22,79,13
C03241,47,98346.79,408.13,10,102,0
C03242,27,34054.06,71.76,2,91,6
C03243,36,54374.31,1135.05,14,227,2
C03244,48,34462.36,1007.69,22,2,7
C03245,38,94902.47,2161.47,22,7,5
C03246,33,32578.7,99.07,1,3,1
C03247,64,30385.31,207.19,9,9,8
C03248,59,87148.79,395.71,6,147,0
C03249,57,59422.71,576.92,6,198,2
C03250,44,62943.6,606.7,19,13,9
C03251,54,53230.07,233.41,5,217,1
C03252,18,35565.7,231.78,5,115,1
C03253,30,29722.24,760.48,14,18,6
C03254,32,46035.7,1359.7,21,5,7
C03255,38,97833.63,5740.82,33,40,5
C03256,51,69934.97,751.85,11,154,1
C03257,28,73652.03,3195.67,32,13,9
C03258,24,54237.06,1193.29,26,17,14
C03259,28,30855.18,302.55,4,6,4
C03260,42,99151.09,2983.13,18,11,5
C03261,55,76177.64,2823.9,29,0,9
C03262,36,38809.65,672.81,5,51,3
C03263,54,120634.2,3942.26,34,5,6
C03264,23,31469.13,444.66,15,138,10
C03265,46,51809.5,1050.82,18,26,9
C03266,26,52503.25,851.37,25,6,8
C03267,37,91325.0,3858.08,31,2,7
C03268,27,33779.71,145.82,4,57,2
C03269,71,49882.97,893.7,6,90,0
C03270,44,77036.97,3832.03,30,10,7
C03271,42,93888.67,335.38,8,204,1
C03272,23,42758.46,0.0,0,26,7
C03273,31,44641.37,226.09,4,94,1
C03274,34,33227.78,253.92,3,59,6
C03275,18,40641.55,238.77,4,45,7
C03276,49,102334.04,494.96,10,288,1
C03277,45,32145.68,1564.17,19,8,7
C03278,31,40755.29,339.4,5,44,4
C03279,34,33220.31,410.04,15,10,9
C03280,45,56727.68,2821.29,36,10,13
C03281,42,35602.96,260.93,4,68,4
C03282,40,57246.23,2855.94,30,21,7
C03283,52,46800.12,503.42,15,13,6
C03284,49,76624.28,2605.05,35,1,5
C03285,38,70880.06,7570.36,37,1,10
C03286,27,42039.4,362.5,6,70,2
C03287,40,51963.27,210.78,2,1,5
C03288,24,56253.15,499.15,17,11,6
C03289,35,137205.06,4354.97,29,12,5
C03290,29,48726.98,1019.85,26,8,9
C03291,32,48746.52,650.6,21,111,5
C03292,18,31100.85,95.42,3,68,4
C03293,19,43820.88,402.93,3,76,9
C03294,34,32947.11,564.85,12,59,6
C03295,39,34304.39,947.24,18,111,9
C03296,60,126947.04,935.42,8,119,0
C03297,25,39356.71,242.94,3,102,0
C03298,37,44088.56,553.84,17,41,6
C03299,35,30995.7,291.16,13,3,7
C03300,47,84343.49,5761.99,36,8,8
C03301,41,47455.33,268.19,5,93,1
C03302,29,95105.86,555.92,16,12,6
C03303,33,94028.37,461.94,15,8,9
C03304,57,65448.76,902.29,8,180,1
C03305,38,26782.7,88.5,2,5,4
C03306,44,89098.65,5724.74,30,5,6
C03307,40,82281.15,2989.45,31,9,7
C03308,23,104248.38,1910.26,26,19,6
C03309,27,27921.3,127.78,3,7,4
C03310,44,114736.62,2454.21,25,30,9
C03311,54,49727.23,677.39,8,247,4
C03312,46,83847.21,420.04,10,223,1
C03313,33,34725.95,187.6,3,24,1
C03314,27,36568.4,187.06,4,73,3
C03315,38,31844.13,340.89,13,8,9
C03316,42,91434.25,3319.42,35,3,7
C03317,36,51243.0,433.26,7,18,2
C03318,46,104931.26,6197.01,32,7,8
C03319,42,128489.26,1716.44,24,14,9
C03320,39,49125.3,1332.05,22,1,14
C03321,33,122735.35,3316.17,31,13,4
C03322,27,54513.68,937.87,16,1,7
C03323,30,74945.96,65.85,3,118,4
C03324,46,40832.4,700.59,9,183,0
C03325,30,32572.4,57.06,3,49,2
C03326,28,47336.73,733.05,9,146,1
C03327,31,26241.64,328.29,12,9,5
C03328,49,50590.53,633.09,10,210,1
C03329,34,75583.94,673.4,18,6,14
C03330,40,38402.8,329.6,15,11,11
C03331,61,50469.99,758.09,14,146,1
C03332,45,39322.14,1208.83,20,57,6
C03333,52,54344.32,4348.86,26,36,9
C03334,32,33802.76,686.43,14,15,10
C03335,36,25175.39,540.75,24,2,13
C03336,22,59062.38,629.25,19,55,10
C03337,27,51895.96,181.37,4,173,4
C03338,61,59301.89,299.35,6,143,0
C03339,18,48946.48,1334.1,25,16,6
C03340,24,36991.83,213.77,5,32,4
C03341,35,35189.45,761.5,21,34,7
C03342,48,58170.99,535.13,5,103,1
C03343,51,90907.41,3170.4,35,14,5
C03344,53,66940.95,4035.84,24,2,5
C03345,40,,280.32,13,16,7
C03346,34,36479.64,661.95,5,5,2
C03347,26,60175.44,285.3,4,34,1
C03348,24,51802.49,244.47,3,34,5
C03349,34,28339.84,218.25,3,66,6
C03350,38,40021.56,561.42,17,19,7
C03351,44,60577.66,3088.26,28,6,7
C03352,26,79343.87,2936.07,27,6,12
C03353,41,110648.27,2969.57,31,1,11
C03354,41,25874.29,395.7,16,7,7
C03355,29,21512.04,497.01,18,11,14
C03356,43,58112.63,627.54,18,100,9
C03357,34,44147.42,244.66,5,42,3
C03358,36,40840.41,402.73,14,16,10
C03359,40,41351.92,132.96,3,11,1
C03360,38,41861.91,0.0,0,6,7
C03361,32,38538.05,296.95,10,0,11
C03362,26,19259.82,807.48,15,18,14
C03363,37,47032.1,321.26,4,124,4
C03364,21,50819.52,128.31,4,33,1
C03365,20,100953.77,343.74,13,11,8
C03366,28,39194.34,692.08,15,8,10
C03367,31,50677.58,85.91,3,1,1
C03368,29,46958.36,275.92,7,125,1
C03369,48,86219.05,2943.6,23,9,6
C03370,36,35578.77,284.19,11,77,8
C03371,53,69285.79,1040.54,9,200,1
C03372,53,91426.23,2867.01,29,8,5
C03373,45,38148.37,800.73,14,178,0
C03374,27,68664.5,3495.75,29,6,6
C03375,28,50598.01,597.15,18,58,9
C03376,19,39814.96,589.78,15,3,7
C03377,46,94739.12,3826.03,38,7,3
C03378,45,91200.5,1645.92,11,224,1
C03379,31,49719.58,597.15,19,23,6
C03380,59,77284.38,850.48,12,78,1
C03381,29,53995.29,511.15,16,18,14
C03382,61,43431.85,606.93,10,189,2
C03383,54,67673.0,285.03,7,230,1
C03384,24,44815.98,229.06,3,29,6
C03385,58,105813.39,2622.3,23,15,10
C03386,33,42896.91,599.51,4,14,5
C03387,25,48308.23,181.05,3,65,6
C03388,51,45746.5,814.67,11,182,2
C03389,18,45832.63,785.1,17,60,15
C03390,50,48023.19,392.3,15,75,13
C03391,48,85389.35,3575.86,32,34,7
C03392,25,27943.5,320.19,7,29,7
C03393,32,54214.48,371.01,7,273,2
C03394,41,43088.32,2622.77,28,43,10
C03395,22,39973.74,356.72,6,69,2
C03396,67,56186.23,508.1,8,140,1
C03397,55,55913.82,3868.05,35,3,3
C03398,39,146602.61,3449.07,30,5,5
C03399,26,43467.57,281.75,3,16,3
C03400,32,57620.32,148.68,3,30,6
C03401,21,78220.83,4792.75,38,8,3
C03402,37,58783.29,1177.69,12,234,2
C03403,26,38939.73,151.01,3,102,9
C03404,52,50474.94,1286.53,16,213,2
C03405,62,83053.94,426.68,4,238,1
C03406,61,44608.85,675.29,8,193,0
C03407,39,44120.71,418.29,20,18,5
C03408,26,40773.19,432.87,19,9,6
C03409,41,43829.03,508.51,21,6,11
C03410,47,105470.68,9302.98,31,0,7
C03411,25,54871.51,278.13,4,55,3
C03412,38,67118.75,6469.76,38,11,6
C03413,46,68474.29,555.41,14,26,8
C03414,46,105801.66,5777.21,29,11,4
C03415,30,81578.52,455.99,16,29,7
C03416,39,34467.87,651.02,18,37,11
C03417,28,50752.83,271.05,3,67,5
C03418,30,39964.28,331.43,6,14,4
C03419,39,101428.22,3555.64,35,38,5
C03420,43,49108.35,1244.15,19,195,1
C03421,42,68068.54,1315.83,13,148,0
C03422,43,45282.53,740.78,10,11,8
C03423,20,30767.54,334.56,4,46,3
C03424,32,48839.75,671.39,19,0,3
C03425,47,72313.13,2578.6,26,0,9
C03426,38,50584.35,103.03,2,24,4
C03427,33,77843.17,3159.73,28,20,5
C03428,36,71545.43,698.73,10,167,0
C03429,51,42021.9,1438.16,19,238,0
C03430,52,31027.51,556.52,7,235,1
C03431,36,29520.21,769.85,6,26,7
C03432,29,42447.73,207.82,8,84,7
C03433,71,47022.85,868.83,14,210,0
C03434,38,47480.52,1183.64,13,30,13
C03435,33,176086.16,3918.07,21,19,5
C03436,31,63003.43,140.02,6,94,8
C03437,35,36519.13,278.34,11,39,4
C03438,27,21647.45,1071.7,24,33,7
C03439,43,102255.22,3042.53,30,41,10
C03440,20,53064.02,332.49,8,5,5
C03441,29,39317.14,274.02,18,29,10
C03442,33,78775.57,3974.8,23,52,10
C03443,55,65978.59,1955.79,38,9,7
C03444,30,73635.82,1219.33,20,23,10
C03445,46,69095.97,1571.27,15,170,2
C03446,32,29853.97,880.67,19,20,10
C03447,31,42216.27,140.9,2,162,3
C03448,20,52204.59,222.0,3,26,3
C03449,32,31766.42,551.14,19,31,11
C03450,61,78209.2,567.1,12,166,2
C03451,30,39952.95,235.66,4,58,4
C03452,30,33873.38,350.23,5,12,3
C03453,43,92625.71,2400.11,23,27,2
C03454,41,100291.32,3859.42,42,1,0
C03455,48,81253.23,928.94,14,200,1
C03456,27,55884.65,49.99,1,85,4
C03457,54,49281.41,1092.02,9,237,0
C03458,43,57503.01,404.76,9,181,2
C03459,39,56848.78,3824.3,33,9,2
C03460,26,63965.67,49.24,1,22,5
C03461,27,26918.96,479.08,22,4,12
C03462,18,42163.15,109.75,3,33,5
C03463,35,126612.08,3452.54,32,5,7
C03464,34,73284.8,401.16,17,35,12
C03465,30,43785.22,248.33,4,42,6
C03466,27,33622.4,466.69,5,58,6
C03467,21,,201.24,3,26,2
C03468,23,48219.54,568.0,20,14,6
C03469,39,59145.23,295.06,9,4,8
C03470,37,39427.04,457.31,8,178,2
C03471,33,48631.41,1409.24,18,80,17
C03472,36,61389.26,776.31,19,7,8
C03473,31,66382.51,156.81,2,15,6
C03474,31,52931.06,941.1,24,24,7
C03475,27,48731.14,570.77,6,60,3
C03476,18,37754.54,428.78,17,10,10
C03477,66,,719.35,7,186,1
C03478,53,76500.52,964.41,12,105,1
C03479,69,59165.29,1743.62,12,252,3
C03480,22,48547.25,402.39,5,13,6
C03481,62,43241.39,798.79,17,1,8
C03482,29,40477.92,178.37,6,51,3
C03483,46,43979.13,760.5,11,215,1
C03484,19,41696.83,143.04,5,22,4
C03485,30,37802.38,117.97,2,5,4
C03486,34,70566.39,234.42,4,32,2
C03487,21,81687.23,268.21,7,61,6
C03488,28,48950.63,199.07,2,20,4
C03489,44,,3232.07,27,71,2
C03490,32,46600.16,370.81,17,18,7
C03491,29,52418.57,311.2,6,38,3
C03492,56,62916.56,3909.06,34,10,12
C03493,44,63905.3,758.54,15,114,1
C03494,18,35653.5,580.71,8,19,3
C03495,42,85446.45,2594.64,26,14,6
C03496,41,67807.01,474.46,6,177,0
C03497,33,43745.74,237.19,6,41,4
C03498,31,55404.65,164.88,4,33,4
C03499,39,56936.9,1152.97,16,120,7
C03500,71,61680.75,801.55,12,145,0
C03501,42,64028.4,627.21,17,27,12
C03502,18,41179.22,199.16,4,48,5
C03503,41,64003.68,5146.02,34,3,6
C03504,21,44228.1,283.4,6,6,4
C03505,38,45500.99,219.47,6,23,4
C03506,36,45025.56,111.02,3,10,4
C03507,39,53306.05,354.9,19,55,6
C03508,51,47421.82,806.14,9,183,1
C03509,30,,412.98,6,27,2
C03510,38,40774.48,1385.42,20,1,10
C03511,57,59014.37,658.49,9,194,1
C03512,24,30066.86,238.04,3,22,2
C03513,59,91059.17,1586.15,14,138,0
C03514,47,68015.54,1326.06,11,130,1
C03515,56,55336.37,428.47,11,165,1
C03516,32,83092.33,164.75,3,25,5
C03517,31,76582.85,54.22,1,3,2
C03518,39,78045.38,2278.35,27,0,8
C03519,18,30343.07,258.84,3,47,6
C03520,36,42370.4,354.86,7,51,5
C03521,29,34866.69,225.48,4,43,5
C03522,44,50515.4,471.85,8,203,2
C03523,42,65928.43,5714.25,34,26,3
C03524,27,38068.59,579.56,17,15,8
C03525,43,39586.91,680.65,19,55,5
C03526,36,47203.74,826.49,15,114,10
C03527,45,69059.92,1928.17,17,1,8
C03528,40,88548.54,5690.51,30,42,8
C03529,43,66317.0,652.39,10,268,0
C03530,50,28927.79,490.96,18,3,13
C03531,56,87114.72,5128.19,32,27,11
C03532,51,74335.01,3216.18,31,2,5
C03533,33,45152.1,795.59,16,4,7
C03534,51,82291.56,2058.71,25,1,9
C03535,23,36648.16,101.27,3,117,2
C03536,30,36525.08,467.96,7,18,6
C03537,39,47667.31,551.54,14,36,6
C03538,36,30255.05,521.58,6,119,4
C03539,48,,3279.41,26,3,5
C03540,31,50456.4,703.38,20,12,5
C03541,43,50451.14,799.01,11,171,1
C03542,33,56294.86,117.05,2,0,4
C03543,46,55522.85,758.5,11,103,3
C03544,41,54934.04,893.99,17,1,13
C03545,22,25932.9,926.51,19,30,7
C03546,35,40962.94,720.23,27,41,8
C03547,41,47866.76,516.27,20,15,2
C03548,48,66033.45,820.04,12,126,1
C03549,45,55007.59,1752.69,16,42,3
C03550,59,69029.47,887.17,6,164,2
C03551,49,51917.47,1297.52,13,142,1
C03552,23,38553.68,913.6,9,10,3
C03553,47,28317.42,610.23,21,37,9
C03554,38,62369.5,329.79,17,94,2
C03555,53,49886.36,368.81,13,10,5
C03556,23,32820.55,484.69,5,89,7
C03557,36,,586.7,24,24,6
C03558,46,48929.14,1495.39,9,231,2
C03559,38,39753.55,273.43,5,69,5
C03560,36,48594.36,958.08,19,11,9
C03561,22,68300.18,86.01,3,5,6
C03562,33,57593.88,1299.34,20,22,15
C03563,39,56231.55,510.58,10,286,2
C03564,51,81825.49,3192.55,31,23,10
C03565,66,59931.34,578.12,9,167,2
C03566,62,53435.97,647.65,11,275,1
C03567,67,51696.8,1759.54,13,189,1
C03568,39,52111.98,674.69,20,55,10
C03569,64,100846.07,2321.62,18,196,1
C03570,30,38067.76,633.63,18,23,13
C03571,22,31450.48,439.05,5,19,3
C03572,53,,7015.03,32,0,0
C03573,29,19153.97,412.58,16,30,7
C03574,30,25122.83,1127.64,22,13,14
C03575,46,37619.34,435.81,12,40,12
C03576,35,24422.49,647.47,18,91,1
C03577,65,68427.9,736.23,8,235,0
C03578,25,36893.8,1434.25,22,2,10
C03579,27,46952.61,0.0,0,34,7
C03580,43,90738.23,3272.11,37,23,8
C03581,25,43960.17,62.32,2,34,6
C03582,29,41899.73,407.91,7,40,3
C03583,54,39081.78,965.79,17,45,8
C03584,25,61030.96,267.95,6,114,8
C03585,38,78321.34,478.0,14,208,2
C03586,32,50956.04,327.28,10,175,1
C03587,18,60102.6,1145.46,16,7,5
C03588,27,51428.29,323.16,14,9,7
C03589,24,79216.91,91.71,3,4,7
C03590,36,36749.54,854.5,16,69,8
C03591,68,32126.96,1023.46,14,220,1
C03592,20,94139.73,1273.39,21,40,9
C03593,64,67246.29,461.03,8,208,2
C03594,50,92691.17,3803.08,31,9,4
C03595,36,80035.02,5734.9,34,6,5
C03596,51,64602.88,793.62,11,102,1
C03597,54,73891.52,640.31,11,283,3
C03598,44,50747.87,1009.34,13,167,0
C03599,50,37608.74,458.73,5,214,0
C03600,44,45967.71,799.46,16,42,8
C03601,44,31217.76,1575.63,20,23,7
C03602,42,58420.41,2795.77,27,8,6
C03603,28,47037.41,520.7,17,47,5
C03604,40,50254.06,385.63,15,30,8
C03605,35,66791.03,543.75,9,217,1
C03606,61,95578.61,3853.08,24,9,3
C03607,46,77425.24,7417.49,34,11,6
C03608,41,25508.95,281.03,17,10,5
C03609,37,63660.62,6236.39,32,13,3
C03610,40,55552.68,507.21,17,41,11
C03611,35,32836.58,61.29,2,123,4
C03612,20,29960.79,763.44,20,20,7
C03613,24,48036.38,0.0,0,115,3
C03614,53,67694.74,1183.8,12,146,2
C03615,28,39516.86,0.0,0,79,6
C03616,26,39179.08,442.8,6,39,3
C03617,21,46632.37,1042.45,23,82,9
C03618,33,79222.4,35278.87449694888,42,37,3
C03619,35,53985.54,375.16,13,22,14
C03620,48,59663.88,592.88,10,158,0
C03621,19,44626.08,89.89,3,121,2
C03622,24,42207.39,974.05,13,0,8
C03623,27,42098.79,680.26,25,35,7
C03624,56,69907.85,493.44,7,267,2
C03625,22,34637.64,833.99,7,87,4
C03626,28,43837.41,137.21,2,96,4
C03627,80,109141.26,1712.54,10,225,0
C03628,22,38727.42,130.8,2,32,1
C03629,26,43751.81,81.29,1,128,1
C03630,51,88993.83,4781.23,29,18,9
C03631,44,62689.74,6199.43,31,21,3
C03632,48,61541.6,228.11,4,227,1
C03633,31,43944.85,320.9,5,13,3
C03634,43,81071.79,409.45,17,95,11
C03635,24,67698.26,223.54,3,87,7
C03636,51,77205.07,8060.36,33,7,6
C03637,48,100837.59,324.87,5,215,1
C03638,52,93047.43,5360.81,28,13,6
C03639,47,55164.8,1151.48,12,211,0
C03640,25,48675.11,472.76,7,18,2
C03641,28,34379.45,416.29,23,7,11
C03642,52,66833.66,2599.76,37,8,9
C03643,42,46399.37,1088.94,13,99,2
C03644,52,82018.33,2873.62,26,42,5
C03645,40,68212.14,7201.47,35,13,8
C03646,31,23322.75,236.2,4,12,6
C03647,22,36554.43,555.67,14,14,15
C03648,38,35388.44,361.28,15,61,9
C03649,25,43832.64,4068.762127776184,18,14,6
C03650,58,90394.18,727.86,8,227,0
C03651,37,52377.18,1076.47,19,20,9
C03652,36,123682.24,4291.45,29,34,4
C03653,52,67803.79,674.17,27,60,9
C03654,42,94467.58,3835.93,33,6,8
C03655,32,59404.24,627.01,25,56,7
C03656,57,118002.69,3168.26,25,3,12
C03657,52,83747.9,2920.67,32,9,4
C03658,36,23437.76,265.47,9,39,9
C03659,31,119606.78,760.62,9,155,1
C03660,48,106709.36,3162.59,24,22,3
C03661,49,108495.9,5158.91,26,1,6
C03662,47,37731.49,724.16,9,178,0
C03663,43,70345.2,992.13,13,176,2
C03664,23,51051.7,240.09,5,47,7
C03665,32,31362.28,854.08,9,30,7
C03666,34,73933.81,1165.42,17,29,12
C03667,32,105693.58,5183.28,29,20,3
C03668,37,66061.11,5108.24,27,5,6
C03669,35,40792.08,609.54,16,16,4
C03670,33,41925.26,0.0,0,17,6
C03671,32,61685.93,471.83,18,34,9
C03672,29,41073.47,181.47,5,9,5
C03673,33,46377.09,948.68,16,10,9
C03674,32,36043.72,403.18,20,24,4
C03675,32,46693.86,182.07,4,4,5
C03676,62,40968.23,141.34,4,155,1
C03677,30,35581.56,440.43,18,1,8
C03678,25,31421.38,252.39,5,0,2
C03679,32,21492.25,1405.77,22,55,8
C03680,50,83926.91,2493.23,24,18,3
C03681,26,61292.11,0.0,0,14,5
C03682,35,122350.9,3375.17,39,18,3
C03683,44,51730.9,505.69,13,12,3
C03684,36,,533.23,20,41,7
C03685,37,75490.63,2909.41,33,28,5
C03686,40,61682.98,4975.11,30,0,5
C03687,31,43010.49,443.66,14,23,12
C03688,46,55847.41,1137.92,12,96,1
C03689,33,68986.83,294.92,4,134,5
C03690,40,29490.41,444.84,13,30,8
C03691,63,63014.25,4394.15,27,21,8
C03692,20,34795.72,77.16,5,92,6
C03693,55,95418.81,4161.51,29,5,6
C03694,20,45076.78,147.99,4,15,2
C03695,19,37348.79,255.64,5,36,3
C03696,30,31130.56,773.41,22,40,9
C03697,45,32948.78,1324.96,20,15,5
C03698,41,78408.14,5506.17,27,15,6
C03699,50,43651.21,3600.96,31,28,8
C03700,40,40181.67,944.16,20,66,8
C03701,61,44989.72,711.91,10,189,2
C03702,26,,1168.41,18,4,6
C03703,22,26756.16,535.02,8,5,5
C03704,19,36829.79,136.14,3,60,2
C03705,38,73151.39,4440.96,32,53,5
C03706,48,50731.4,4479.62,28,9,7
C03707,33,44415.21,654.21,20,11,12
C03708,18,33926.96,491.93,5,95,3
C03709,40,50150.21,936.68,21,19,14
C03710,24,45819.86,249.57,5,65,4
C03711,36,88533.94,526.3,6,223,0
C03712,32,51745.53,761.68,10,3,4
C03713,57,45683.77,637.97,11,223,0
C03714,27,32524.54,194.02,3,3,4
C03715,42,80340.58,562.86,9,74,2
C03716,69,74954.66,648.82,13,163,1
C03717,32,46066.21,240.07,4,8,3
C03718,52,43806.08,700.55,9,162,1
C03719,43,66995.9,756.71,8,198,1
C03720,38,57171.07,664.53,18,61,9
C03721,23,36249.51,38.88,1,12,3
C03722,32,19703.93,703.26,19,1,10
C03723,46,60160.53,924.68,11,134,0
C03724,31,53229.51,372.87,15,41,10
C03725,42,54513.59,518.03,10,235,1
C03726,29,67903.54,98.87,2,71,5
C03727,50,43938.4,1284.27,15,183,2
C03728,47,50585.53,1094.9,31,2,3
C03729,26,37578.99,77.9,2,40,2
C03730,31,58789.04,278.92,5,57,7
C03731,46,60280.02,261.13,6,170,1
C03732,47,82115.2,344.41,4,199,2
C03733,22,27856.64,64.34,2,50,4
C03734,27,33728.58,134.81,4,70,4
C03735,31,55364.98,7992.27,34,7,7
C03736,30,38026.03,1016.45,8,133,2
C03737,27,44238.03,370.68,19,39,11
C03738,26,37017.32,36.66,1,39,2
C03739,26,38973.74,270.88,3,46,5
C03740,20,28057.75,526.88,19,45,11
C03741,48,94532.94,6496.51,27,1,3
C03742,29,83592.79,4892.16,33,6,6
C03743,59,38788.6,570.96,9,277,2
C03744,39,77223.81,666.49,18,7,10
C03745,36,66506.14,3357.43,26,10,5
C03746,26,28171.5,161.69,5,135,2
C03747,32,54948.21,1424.86,16,33,11
C03748,37,50934.55,485.59,5,101,1
C03749,31,65273.62,673.01,24,57,3
C03750,37,135642.24,4197.08,32,13,4
C03751,42,54185.6,6770.18,34,21,6
C03752,44,34563.79,806.33,12,2,13
C03753,38,36024.73,599.75,15,169,8
C03754,31,38888.38,77.77,1,17,1
C03755,38,30980.67,680.49,20,36,9
C03756,42,54271.16,244.37,13,39,9
C03757,38,51345.98,880.14,18,17,5
C03758,45,32974.97,788.31,18,46,9
C03759,59,54629.06,670.03,13,225,0
C03760,49,99608.28,7231.72,44,13,13
C03761,42,53525.77,736.55,9,216,1
C03762,28,43337.58,931.99,31,20,6
C03763,35,133079.67,4850.92,29,20,5
C03764,34,40331.02,273.12,19,29,9
C03765,34,57410.65,3189.95,25,12,8
C03766,21,68846.14,267.48,4,24,6
C03767,38,40155.82,1693.75,22,114,9
C03768,23,33780.45,1102.59,18,4,7
C03769,32,59531.77,206.32,3,27,6
C03770,25,40692.85,348.22,8,117,7
C03771,56,57759.14,648.72,12,198,0
C03772,53,64725.65,1067.21,10,80,0
C03773,23,44203.38,45.62,1,81,2
C03774,41,63492.86,824.63,8,219,1
C03775,20,31603.77,256.67,3,170,5
C03776,35,45138.16,342.09,15,30,9
C03777,32,48350.68,59.28,2,10,8
C03778,45,102171.15,5301.27,32,22,6
C03779,27,24716.97,208.56,5,10,3
C03780,64,55414.42,407.16,5,140,1
C03781,46,105418.58,2170.5,24,14,5
C03782,58,83600.85,1246.14,8,218,3
C03783,48,44742.36,166.45,2,182,0
C03784,51,44579.04,366.38,20,12,9
C03785,33,49114.0,504.3,4,9,1
C03786,52,61145.97,449.22,8,144,0
C03787,58,49643.96,294.27,7,186,2
C03788,41,178090.73,3492.92,30,9,12
C03789,33,49853.09,361.12,16,17,8
C03790,33,36861.11,300.69,5,15,2
C03791,34,55092.37,409.33,10,16,11
C03792,53,43158.12,481.05,16,7,8
C03793,51,74980.05,5269.68,33,3,3
C03794,46,76132.02,3918.29,28,1,10
C03795,21,60520.25,263.66,3,2,3
C03796,22,62059.54,1087.04,8,29,4
C03797,24,43322.3,234.95,4,75,3
C03798,29,57690.4,223.66,3,86,3
C03799,43,42940.13,501.41,11,2,14
C03800,48,51539.59,376.79,18,27,12
C03801,36,111310.28,4815.6,21,5,10
C03802,55,70189.15,4797.19,29,2,4
C03803,43,77746.92,1579.78,29,5,7
C03804,43,71814.22,23926.402077180945,29,5,5
C03805,52,98021.98,4450.43,29,5,2
C03806,31,88034.23,3612.1,35,26,3
C03807,30,37950.89,145.27,5,99,3
C03808,18,23456.73,61.04,1,5,0
C03809,53,59497.91,935.35,11,259,1
C03810,37,34046.79,47.79,2,66,4
C03811,22,42670.0,120.68,2,148,8
C03812,39,79879.42,8999.26,31,8,9
C03813,33,64360.77,371.46,5,56,4
C03814,50,105996.55,5457.88,33,18,7
C03815,31,31195.75,726.2,23,16,16
C03816,47,37975.49,561.83,12,7,4
C03817,26,58665.58,668.98,15,5,10
C03818,39,58729.9,766.68,17,26,10
C03819,31,69869.29,471.57,7,52,6
C03820,53,68752.74,571.82,10,122,1
C03821,34,32120.36,77.14,3,3,4
C03822,34,24860.91,490.1,5,20,5
C03823,18,42124.96,227.47,3,2,1
C03824,44,57345.88,2813.13,31,25,6
C03825,23,36050.85,104.29,2,3,4
C03826,29,62328.35,89.99,1,101,6
C03827,27,42499.65,1057.28,27,23,8
C03828,25,36088.83,1006.58,17,23,15
C03829,25,49215.44,653.58,13,184,1
C03830,26,52754.63,330.04,5,66,7
C03831,43,37074.94,1052.36,21,22,8
C03832,22,33448.53,127.69,3,16,4
C03833,36,27686.64,337.97,14,60,6
C03834,46,45948.05,766.23,17,4,8
C03835,25,69745.84,381.3,16,13,11
C03836,36,46511.98,1163.33,22,22,8
C03837,28,32711.58,377.85,8,187,2
C03838,36,76484.18,3091.6,17,12,7
C03839,21,46479.81,80.46,1,114,5
C03840,23,27816.06,797.58,18,3,4
C03841,36,38700.89,437.55,6,11,1
C03842,32,31447.02,351.58,7,19,5
C03843,31,45435.95,43.68,1,10,5
C03844,31,32497.62,107.77,3,37,3
C03845,69,48173.29,927.81,11,203,1
C03846,30,38707.43,641.99,26,30,10
C03847,29,30797.4,73.88,2,11,5
C03848,25,45811.67,230.87,5,27,5
C03849,27,49611.58,241.05,13,32,12
C03850,30,49549.23,796.03,15,61,9
C03851,31,46655.63,349.22,15,34,12
C03852,24,37000.15,534.65,19,25,9
C03853,41,30736.79,1051.39,20,54,10
C03854,34,36855.65,199.74,11,16,14
C03855,29,36438.66,125.12,4,16,3
C03856,50,85029.84,1816.04,23,23,2
C03857,51,27250.7,437.1,10,142,1
C03858,38,50552.22,666.18,14,20,6
C03859,29,43439.13,84.83,1,136,4
C03860,58,83230.1,4656.83,28,17,5
C03861,25,63028.42,744.23,16,3,12
C03862,44,80754.77,6075.14,36,4,8
C03863,31,45663.15,391.15,6,21,7
C03864,40,83997.72,479.99,11,1,6
C03865,47,43209.41,508.91,12,241,1
C03866,53,56300.03,1747.68,24,59,12
C03867,23,37077.94,718.08,7,8,3
C03868,31,24908.58,684.66,22,14,9
C03869,51,44832.08,805.47,5,17,6
C03870,28,32535.34,580.91,15,5,9
C03871,30,37806.66,755.39,22,56,4
C03872,48,83055.06,2467.88,15,14,8
C03873,44,65939.88,9118.02,39,14,6
C03874,68,147885.63,5036.46,33,2,4
C03875,43,35611.12,956.7,17,218,0
C03876,30,32499.5,1520.23,26,5,8
C03877,45,95261.69,7202.89,36,32,10
C03878,56,55281.58,343.21,7,182,3
C03879,39,89863.4,11013.16,44,4,3
C03880,51,31059.92,1232.14,16,43,14
C03881,28,34714.61,761.38,8,18,3
C03882,51,46345.86,1357.86,10,133,1
C03883,30,35600.04,75.12,2,3,4
C03884,58,31632.99,441.66,20,2,5
C03885,54,59393.28,228.1,8,248,1
C03886,40,80343.06,4880.92,32,3,3
C03887,52,72665.74,975.65,10,247,0
C03888,60,59780.9,1204.27,12,134,1
C03889,65,68821.63,323.61,6,171,0
C03890,38,34835.27,536.61,20,20,7
C03891,49,61974.19,4768.12,27,7,5
C03892,33,53730.69,168.01,4,58,8
C03893,32,53290.7,910.78,20,2,12
C03894,25,36297.14,186.35,3,58,2
C03895,44,78450.22,665.48,12,176,0
C03896,32,37462.17,332.75,5,167,3
C03897,51,56711.11,275.28,20,3,7
C03898,25,43750.58,871.03,11,6,4
C03899,41,58499.15,3004.97,36,3,6
C03900,40,51105.18,4111.22,34,18,6
C03901,40,91682.58,2945.46,25,5,13
C03902,40,60478.92,696.18,11,165,0
C03903,36,22093.8,425.88,6,8,1
C03904,32,51023.96,465.3,7,27,8
C03905,47,58614.66,768.55,23,12,8
C03906,22,39128.79,399.96,4,18,4
C03907,56,56018.84,219.64,5,201,0
C03908,69,55437.61,1096.38,14,137,2
C03909,31,37908.3,485.56,5,101,2
C03910,51,38802.22,576.9,9,137,1
C03911,44,45479.84,459.47,17,38,13
C03912,32,43282.28,667.42,13,11,6
C03913,45,56402.81,642.53,10,184,0
C03914,31,29642.17,894.55,17,39,8
C03915,22,39358.7,518.94,15,51,5
C03916,32,32678.39,305.49,13,106,8
C03917,28,40728.27,1461.03,16,0,10
C03918,25,29376.85,199.37,4,59,8
C03919,28,51922.44,430.3,2,25,3
C03920,27,53381.94,628.68,17,7,10
C03921,56,70815.45,5002.69,28,6,11
C03922,47,100751.29,591.31,13,177,1
C03923,35,,792.47,11,2,7
C03924,39,46812.83,972.91,14,141,5
C03925,30,50710.57,3280.44,26,4,6
C03926,25,33310.52,575.34,4,9,4
C03927,22,36258.21,273.54,5,75,7
C03928,43,39679.95,603.97,7,139,3
C03929,52,87704.0,2968.86,29,1,5
C03930,52,43707.89,1979.02,11,165,1
C03931,24,35986.39,253.12,6,29,4
C03932,30,48541.98,346.31,4,17,4
C03933,38,42267.69,1091.74,19,22,10
C03934,47,86097.98,4759.46,42,45,3
C03935,31,51828.57,288.32,26,4,11
C03936,36,47039.63,1030.52,15,1,12
C03937,38,42610.06,863.89,22,4,5
C03938,35,42855.65,105.09,2,33,5
C03939,39,66524.02,521.78,12,26,8
C03940,43,98345.43,4737.77,29,9,6
C03941,49,112930.53,3356.29,36,13,7
C03942,44,98474.57,3481.04,26,8,4
C03943,51,75958.42,3561.68,25,10,4
C03944,31,43686.83,127.19,2,25,2
C03945,27,78187.2,3007.48,28,30,10
C03946,65,44331.56,74.75,4,202,5
C03947,52,100830.0,6506.72,35,1,6
C03948,49,77224.07,3846.6,33,24,6
C03949,52,54142.35,742.66,10,213,1
C03950,39,44663.14,620.37,17,13,9
C03951,34,42143.15,1593.29,21,14,6
C03952,56,48948.19,633.87,12,138,1
C03953,57,102389.67,220.74,4,183,3
C03954,25,33373.39,108.38,5,47,3
C03955,37,71143.61,4068.31,36,15,9
C03956,41,34478.7,405.21,5,116,3
C03957,44,44902.7,1031.02,10,61,0
C03958,62,71176.51,815.45,9,186,1
C03959,50,107404.06,4506.22,26,9,4
C03960,43,30183.0,821.21,18,6,14
C03961,18,26293.95,615.71,23,4,12
C03962,42,55211.68,3705.89,30,20,6
C03963,35,35645.52,154.02,3,57,7
C03964,23,50810.37,1055.25,15,28,7
C03965,32,52137.64,1397.06,19,125,15
C03966,43,93174.81,3457.71,33,31,9
C03967,42,19451.7,634.36,22,32,12
C03968,45,66452.51,2946.86,30,13,8
C03969,37,37907.61,316.7,12,39,11
C03970,55,91751.57,3002.34,30,11,11
C03971,43,51946.49,286.39,4,241,1
C03972,30,68446.52,5797.43,33,47,6
C03973,25,29183.46,203.11,3,57,2
C03974,43,74904.54,4677.76,32,8,8
C03975,41,54199.81,2491.94,33,9,5
C03976,41,72429.52,3242.26,27,4,5
C03977,40,92465.87,2680.27,35,11,9
C03978,49,77684.58,3193.81,36,42,8
C03979,37,34265.43,906.06,21,31,11
C03980,18,46675.99,108.27,2,14,2
C03981,58,105347.08,3822.44,22,14,4
C03982,36,37543.25,1952.65,30,19,9
C03983,26,45406.99,124.02,3,13,5
C03984,43,35057.45,369.65,14,50,9
C03985,18,30828.38,832.83,31,5,8
C03986,51,172926.62,4547.51,30,48,5
C03987,25,53465.82,443.94,15,63,15
C03988,29,45426.66,328.57,14,96,13
C03989,60,42766.92,229.91,8,183,1
C03990,42,61491.14,542.26,8,114,1
C03991,51,101897.38,1237.71,11,208,2
C03992,45,54302.84,479.62,18,2,10
C03993,47,134378.67,10538.57,33,12,10
C03994,27,61850.64,747.86,16,2,10
C03995,38,59334.69,1413.0,27,25,5
C03996,37,103252.99,4459.48,18,8,6
C03997,56,73488.8,5291.47,29,22,6
C03998,37,31426.3,939.67,23,1,14
C03999,30,41060.18,498.76,19,24,12
C04000,34,53389.92,7093.07,35,20,1
C04001,30,49765.79,51.84,3,25,4
C04002,26,33827.15,453.75,13,60,7
C04003,47,58049.42,1344.74,12,184,1
C04004,40,49856.43,468.98,11,2,8
C04005,40,38864.1,126.48,3,0,4
C04006,55,69556.15,4725.25,28,8,7
C04007,20,56386.98,661.39,20,40,8
C04008,50,120377.26,4709.35,32,3,6
C04009,34,119558.06,9474.12,42,1,6
C04010,30,43627.34,614.33,8,19,7
C04011,43,44072.94,776.04,14,7,12
C04012,45,85538.76,3124.51,38,27,3
C04013,69,61139.32,794.6,8,202,0
C04014,42,66163.05,2650.33,22,7,6
C04015,25,24629.26,289.4,5,47,3
C04016,25,22704.24,150.27,6,53,5
C04017,27,35040.78,1174.56,22,80,6
C04018,35,26306.9,1003.01,17,20,10
C04019,44,93670.75,8222.25,31,3,7
C04020,23,34750.48,250.65,2,3,6
C04021,35,35866.4,487.23,14,10,11
C04022,45,94939.93,3540.93,21,11,2
C04023,46,,688.95,16,148,5
C04024,42,96691.07,537.28,10,225,0
C04025,34,31995.59,128.88,2,19,4
C04026,61,35386.97,1969.14,13,247,0
C04027,44,57774.93,178.77,2,35,9
C04028,21,48899.55,212.06,5,26,4
C04029,18,53452.56,385.03,22,13,7
C04030,57,52632.44,914.99,13,184,0
C04031,38,34799.69,806.87,26,37,7
C04032,27,66592.5,2034.59,23,68,13
C04033,29,50158.1,464.22,7,1,4
C04034,33,35247.51,115.66,3,13,4
C04035,46,96355.41,6547.64,27,1,2
C04036,31,59731.48,637.66,16,2,7
C04037,38,61031.18,329.31,12,18,10
C04038,50,53024.44,1442.39,15,255,0
C04039,36,24342.07,391.04,14,13,10
C04040,38,51202.14,1120.61,8,222,1
C04041,42,37938.32,918.78,18,15,9
C04042,18,47920.24,121.77,4,58,3
C04043,39,70075.17,3963.16,36,18,7
C04044,53,62432.29,657.47,9,156,1
C04045,46,47311.24,159.38,13,23,10
C04046,28,44562.57,323.05,12,52,10
C04047,48,39330.38,642.3,18,13,5
C04048,22,48431.49,525.09,23,3,6
C04049,38,36700.07,666.44,14,18,9
C04050,21,18278.73,126.09,3,10,6
C04051,46,59851.15,669.71,8,119,1
C04052,24,63480.46,123.99,5,8,4
C04053,21,29244.27,317.91,6,37,6
C04054,36,39804.61,740.99,18,0,11
C04055,50,62574.25,313.49,6,258,1
C04056,52,74989.19,652.81,11,232,1
C04057,43,68885.64,726.49,17,10,11
C04058,36,54143.05,610.75,13,287,0
C04059,36,29394.33,1054.96,16,1,9
C04060,64,86906.68,1215.1,13,201,1
C04061,46,66648.56,245.53,4,184,0
C04062,35,38430.19,758.77,4,43,5
C04063,66,96672.24,2212.71,26,7,6
C04064,29,37220.1,131.59,4,22,6
C04065,35,97512.81,2513.82,29,0,8
C04066,34,39980.71,66.7,3,18,1
C04067,30,56091.36,1165.2,18,16,11
C04068,34,40124.41,43.35,1,20,3
C04069,55,96666.27,417.12,10,197,4
C04070,44,126206.83,3125.31,32,10,8
C04071,29,23963.82,395.27,18,30,12
C04072,28,39670.21,435.7,5,36,8
C04073,45,62873.21,1194.01,19,34,11
C04074,46,89351.19,5190.8,40,12,7
C04075,47,63229.23,4243.53,35,10,5
C04076,44,36387.04,711.38,11,56,12
C04077,31,36057.46,981.39,9,32,1
C04078,35,53827.01,289.97,4,26,1
C04079,42,129686.46,5466.31,24,1,4
C04080,21,65164.09,868.18,22,2,10
C04081,37,60046.91,1056.36,20,26,12
C04082,46,46168.76,1535.5,22,5,9
C04083,29,41181.24,348.28,4,53,3
C04084,25,44556.16,1335.78,13,5,10
C04085,26,47359.82,223.16,5,91,4
C04086,49,102371.42,299.47,5,146,1
C04087,23,70703.93,274.51,4,16,5
C04088,29,35780.4,113.46,2,4,2
C04089,51,56779.84,3979.71,30,12,6
C04090,54,71827.2,2744.92,26,7,2
C04091,56,71446.34,3297.02,28,9,6
C04092,24,51802.41,68.3,2,104,4
C04093,46,55894.77,1030.03,11,257,1
C04094,40,87198.5,2459.38,25,9,10
C04095,43,93443.74,3766.51,29,10,4
C04096,34,40573.77,851.81,21,30,4
C04097,29,25679.07,126.91,3,89,1
C04098,32,28130.87,266.42,4,16,3
C04099,18,42071.68,136.4,3,71,5
C04100,47,67988.28,371.86,7,203,2
C04101,30,33989.56,446.28,25,28,6
C04102,21,27748.78,597.02,6,0,4
C04103,34,40125.04,298.12,3,37,6
C04104,33,57638.39,761.64,16,65,9
C04105,44,39716.6,594.37,11,195,1
C04106,37,119627.69,3437.01,29,21,8
C04107,19,44739.4,158.98,2,38,3
C04108,30,49507.81,94.47,3,104,5
C04109,40,31856.71,205.4,3,198,0
C04110,40,43991.95,513.37,16,156,14
C04111,31,34304.98,668.83,22,59,12
C04112,59,59614.5,1311.98,9,195,1
C04113,28,31383.02,179.86,4,33,4
C04114,33,38797.42,774.11,17,21,6
C04115,22,33305.73,206.7,7,31,4
C04116,30,32109.97,853.74,18,5,4
C04117,29,37438.23,382.2,4,21,5
C04118,47,136871.45,612.77,9,202,2
C04119,23,69222.95,595.36,20,36,7
C04120,18,55886.03,2006.78,25,25,14
C04121,43,49552.78,941.27,13,182,1
C04122,32,56301.81,28.73,1,42,5
C04123,47,94684.07,408.81,12,220,0
C04124,34,61593.52,1191.41,17,93,10
C04125,49,47154.37,1130.18,21,169,0
C04126,47,133962.89,4701.37,37,32,7
C04127,33,37450.44,211.79,16,46,11
C04128,47,49843.77,656.64,15,35,6
C04129,27,54449.13,327.35,6,1,3
C04130,71,43581.45,280.26,7,212,4
C04131,18,57715.46,96.17,2,15,3
C04132,27,34233.21,253.87,3,2,4
C04133,36,40958.33,752.91,23,3,10
C04134,27,42426.23,686.84,16,6,12
C04135,42,31166.88,580.43,16,20,10
C04136,41,73655.36,3129.0,27,29,11
C04137,45,,536.41,20,100,16
C04138,37,71905.49,716.15,7,88,0
C04139,29,58826.89,349.18,3,4,5
C04140,25,36358.14,202.73,3,41,6
C04141,44,34383.82,703.74,18,14,8
C04142,32,31973.69,175.57,2,18,3
C04143,47,77023.34,5886.98,31,12,5
C04144,31,40784.5,358.36,26,44,9
C04145,24,39704.58,547.83,18,18,8
C04146,42,42606.06,677.64,15,10,7
C04147,32,147504.19,5307.97,32,12,8
C04148,41,42421.43,181.75,6,5,8
C04149,30,43772.31,425.03,18,37,10
C04150,27,44897.99,551.58,13,59,3
C04151,30,39556.9,405.52,13,20,7
C04152,24,28491.14,201.86,4,153,3
C04153,36,52980.4,528.61,14,3,8
C04154,41,40402.43,1044.4,12,9,11
C04155,26,47861.48,96.97,2,43,6
C04156,22,70709.83,5421.68,34,10,6
C04157,52,54470.99,649.96,9,121,1
C04158,27,118731.35,4246.39,31,0,4
C04159,38,51368.62,1317.08,25,7,7
C04160,37,77018.96,2228.95,20,3,3
C04161,23,29496.47,164.7,3,16,7
C04162,35,49341.24,418.58,20,2,8
C04163,67,51878.37,378.6,6,257,0
C04164,30,60558.7,575.38,22,86,3
C04165,31,49222.37,403.94,4,12,4
C04166,32,59539.38,519.32,13,6,9
C04167,52,76521.1,3102.13,35,4,5
C04168,42,43613.21,493.65,15,12,8
C04169,21,67312.1,219.64,6,19,4
C04170,38,30322.91,446.1,16,15,9
C04171,48,61849.0,1121.02,9,203,0
C04172,26,38121.22,432.4,7,5,7
C04173,47,73311.91,629.79,9,191,1
C04174,18,47949.91,665.43,15,13,13
C04175,41,52056.62,418.93,9,14,10
C04176,28,44395.0,218.56,3,20,2
C04177,30,37876.86,242.73,4,15,7
C04178,56,97077.92,915.44,8,187,3
C04179,18,32359.39,137.3,2,38,4
C04180,51,39515.17,585.19,8,167,0
C04181,26,49631.42,0.0,0,57,6
C04182,42,97607.51,2283.73,26,15,8
C04183,30,38559.77,0.0,0,0,4
C04184,31,36227.7,707.16,20,35,6
C04185,29,75491.37,390.54,6,252,4
C04186,53,40500.51,1804.96,12,195,0
C04187,40,108424.16,10055.19,34,17,10
C04188,41,53687.01,3015.46,29,5,2
C04189,55,84612.59,2837.76,25,2,2
C04190,19,55238.55,263.04,15,39,9
C04191,46,67247.01,4996.86,30,0,8
C04192,28,48196.57,591.26,7,71,2
C04193,33,30022.52,186.77,5,48,7
C04194,50,49609.55,1072.92,13,125,1
C04195,44,58273.54,1248.67,20,70,6
C04196,21,37031.5,808.52,21,33,9
C04197,47,71393.8,5998.38,36,21,2
C04198,52,50933.93,778.31,8,214,1
C04199,46,90892.2,5002.75,29,2,9
C04200,36,90975.16,7675.02,34,1,5
C04201,50,52356.64,5734.48,26,21,4
C04202,33,79090.71,113.79,4,212,2
C04203,46,57008.38,2917.43,23,17,7
C04204,26,24142.95,180.9,5,26,5
C04205,31,45405.98,133.49,4,43,3
C04206,29,23201.01,460.07,6,28,5
C04207,60,198090.62,3495.54,24,27,5
C04208,64,106095.25,8417.39,26,22,7
C04209,39,49099.94,544.85,23,13,13
C04210,28,64148.81,3140.04,33,29,4
C04211,30,34982.37,158.31,6,6,3
C04212,34,76892.53,1313.76,23,39,5
C04213,42,49898.57,514.97,18,69,12
C04214,42,63990.38,4180.69,26,4,4
C04215,28,54624.8,173.61,4,95,4
C04216,46,84666.42,1750.91,20,5,7
C04217,32,53886.16,120.17,2,20,4
C04218,50,102499.94,4084.43,37,2,7
C04219,40,56512.89,843.54,12,255,0
C04220,27,37718.82,185.74,5,32,2
C04221,58,95484.39,5628.35,36,4,4
C04222,39,85892.94,2567.51,28,35,7
C04223,38,44360.41,300.64,11,29,13
C04224,41,68631.44,5207.75,25,51,7
C04225,65,86173.67,5077.34,36,6,7
C04226,34,50851.75,482.01,6,222,2
C04227,20,35297.31,119.87,4,69,3
C04228,39,64466.17,5165.72,35,7,2
C04229,30,52644.11,236.23,8,11,4
C04230,30,34081.42,434.92,11,47,8
C04231,48,54623.76,325.92,9,231,1
C04232,53,114764.72,3600.18,22,12,7
C04233,36,40415.46,911.56,7,85,6
C04234,33,49207.46,573.58,8,55,4
C04235,46,71390.49,2843.7,26,4,7
C04236,43,91481.15,2685.11,28,23,6
C04237,36,78309.48,211.79,17,6,6
C04238,51,57450.08,486.89,8,270,1
C04239,29,61313.76,141.96,4,96,2
C04240,23,50008.73,376.38,4,42,1
C04241,23,35498.71,266.29,4,34,4
C04242,51,78312.9,640.57,11,157,0
C04243,42,56992.86,717.92,17,0,7
C04244,29,80338.45,500.22,19,100,12
C04245,29,27063.96,38.9,1,100,4
C04246,45,46234.92,1335.64,16,26,11
C04247,51,45658.87,636.04,12,319,1
C04248,50,103015.46,5415.09,38,3,8
C04249,55,94570.82,3445.24,31,34,6
C04250,51,75416.47,544.79,8,195,1
C04251,20,26604.04,570.72,14,41,3
C04252,55,99702.86,4240.87,34,3,10
C04253,48,100048.07,3548.6,32,9,4
C04254,27,45517.68,76.14,1,9,4
C04255,57,57060.6,1129.88,15,194,0
C04256,63,57793.56,5945.53,29,10,3
C04257,38,84068.38,7407.05,30,41,5
C04258,35,53660.08,795.37,18,111,5
C04259,43,49518.86,301.21,4,260,0
C04260,31,56982.84,913.62,19,129,10
C04261,48,68876.33,387.97,4,238,1
C04262,62,63389.91,709.69,14,245,0
C04263,18,61596.45,529.73,24,24,9
C04264,49,91972.89,651.63,12,235,2
C04265,27,54986.43,404.23,7,30,4
C04266,27,37420.43,697.33,22,38,11
C04267,37,40477.9,894.39,18,28,9
C04268,50,81105.11,199.1,5,182,2
C04269,25,31188.71,107.23,3,17,1
C04270,30,45354.19,305.4,4,44,2
C04271,58,67467.23,714.76,8,206,0
C04272,41,49154.8,632.83,17,187,7
C04273,47,63997.38,481.55,12,60,0
C04274,45,54655.21,1105.72,11,231,0
C04275,43,116558.88,2036.84,26,2,5
C04276,44,102960.94,3684.9,31,44,10
C04277,22,40728.8,413.35,16,11,16
C04278,39,50731.56,1175.59,13,96,2
C04279,37,34535.24,850.38,14,6,7
C04280,38,38100.02,221.52,5,22,8
C04281,48,84760.62,3572.94,29,5,11
C04282,18,31868.63,587.98,18,7,13
C04283,23,50191.59,91.59,2,42,3
C04284,40,92469.99,3728.35,38,6,5
C04285,53,55881.95,1360.38,12,100,4
C04286,48,103669.77,3820.74,34,1,6
C04287,65,39453.21,979.89,11,211,2
C04288,49,66135.99,5559.27,26,61,2
C04289,63,63697.87,510.65,6,215,3
C04290,18,32825.26,193.66,3,22,2
C04291,50,118967.2,6154.59,34,1,8
C04292,33,109406.18,2677.98,29,22,3
C04293,44,87082.26,2768.57,27,2,8
C04294,24,29279.88,420.18,5,14,2
C04295,40,30424.78,331.51,7,202,2
C04296,26,56133.37,599.32,14,0,10
C04297,22,44693.81,230.47,16,1,7
C04298,23,53467.84,29.61,1,10,2
C04299,27,39271.15,24.85,1,14,4
C04300,21,27978.16,392.83,5,37,4
C04301,42,42942.87,246.61,10,17,2
C04302,37,39520.52,173.59,3,20,4
C04303,59,91346.92,1787.63,9,142,2
C04304,41,21796.48,538.65,21,12,6
C04305,50,111350.43,4377.97,30,23,5
C04306,52,96253.29,4579.7,28,19,8
C04307,29,40336.24,215.68,4,62,4
C04308,30,55169.89,418.44,19,53,10
C04309,60,69960.43,763.25,8,182,3
C04310,28,50333.6,224.07,3,5,9
C04311,30,35522.88,454.98,7,15,2
C04312,18,54679.9,507.77,4,15,5
C04313,37,40401.69,169.54,6,5,11
C04314,34,42588.83,1052.7,11,186,2
C04315,48,120245.41,5567.19,29,17,5
C04316,27,31895.03,220.9,3,6,2
C04317,42,58327.1,238.17,7,247,1
C04318,26,50178.36,51.65,1,6,2
C04319,66,26688.13,431.2,8,266,1
C04320,51,45626.95,799.91,25,36,5
C04321,48,60017.66,805.66,16,144,1
C04322,38,33042.48,702.11,9,124,4
C04323,18,30356.7,270.71,4,18,1
C04324,56,117189.01,3299.83,25,19,8
C04325,50,91346.75,3127.43,26,42,6
C04326,28,40525.81,488.25,5,30,3
C04327,50,52719.82,7992.83,31,43,5
C04328,31,40961.39,249.62,5,213,7
C04329,47,60835.29,831.76,12,210,1
C04330,46,41764.3,455.99,10,295,1
C04331,44,61570.65,9765.66,46,17,4
C04332,61,56141.62,1531.01,15,159,1
C04333,60,91731.28,4019.39,32,15,4
C04334,34,32295.59,1024.55,21,3,7
C04335,49,75264.16,1583.54,12,227,0
C04336,39,127805.2,3515.44,26,17,8
C04337,57,70990.09,5258.87,28,4,5
C04338,40,122192.84,4291.24,41,12,3
C04339,33,40202.69,718.25,19,19,9
C04340,65,75153.2,537.27,12,203,1
C04341,39,86977.78,6070.6,29,24,5
C04342,45,103455.82,2518.57,28,17,4
C04343,26,59793.03,85.41,2,3,5
C04344,32,56685.0,1316.93,22,14,10
C04345,25,49532.79,294.39,4,31,6
C04346,47,62862.25,1245.64,13,194,1
C04347,28,27990.15,286.59,5,11,3
C04348,59,55370.85,485.89,12,240,1
C04349,48,39510.58,412.3,15,54,9
C04350,64,54113.07,1057.18,9,213,1
C04351,43,72690.66,6249.35,35,11,2
C04352,35,102484.77,4697.77,28,29,4
C04353,28,45531.57,107.34,4,72,5
C04354,43,107028.15,3930.01,31,5,10
C04355,45,45212.24,1057.4,13,167,2
C04356,27,51658.35,129.48,3,12,6
C04357,48,42205.38,572.44,9,149,0
C04358,48,92159.54,261.19,11,5,6
C04359,24,21324.18,385.43,11,48,5
C04360,24,40950.75,195.53,3,83,3
C04361,34,41670.65,897.83,21,16,7
C04362,35,42379.44,178.77,6,12,5
C04363,32,45410.7,429.12,8,3,1
C04364,57,49956.87,418.42,13,229,3
C04365,25,27014.98,275.03,4,17,4
C04366,53,74681.88,3948.99,27,13,6
C04367,26,21588.1,1196.72,25,30,12
C04368,35,38753.28,169.04,4,6,7
C04369,40,82297.84,3430.58,28,1,3
C04370,39,42985.29,354.09,14,101,10
C04371,39,46864.91,625.62,15,21,9
C04372,49,91267.82,3404.95,25,14,8
C04373,23,51232.41,566.35,22,10,10
C04374,54,128078.78,8676.13,36,2,6
C04375,31,25892.97,129.92,4,14,6
C04376,40,97268.49,4606.08,29,6,7
C04377,40,41171.59,141.9,3,8,3
C04378,38,101553.46,2909.19,35,21,10
C04379,51,61015.55,513.18,12,171,0
C04380,41,86987.62,3315.38,27,12,7
C04381,28,44381.64,310.07,3,34,6
C04382,18,,936.53,20,74,8
C04383,48,95381.83,870.41,15,2,11
C04384,39,,403.5,16,58,19
C04385,61,48012.72,121.23,4,197,1
C04386,55,81393.12,849.64,12,101,0
C04387,20,65540.2,280.88,11,15,10
C04388,50,83554.21,4006.09,30,2,7
C04389,22,52931.95,53.59,1,3,2
C04390,19,55578.78,554.14,5,107,7
C04391,39,68986.04,2406.8,22,10,7
C04392,31,72587.81,82.49,3,157,4
C04393,28,43202.48,733.55,18,25,14
C04394,30,43409.41,94.09,2,22,2
C04395,39,29392.17,886.95,17,4,11
C04396,20,52416.36,681.09,13,10,11
C04397,45,70278.19,4925.01,25,10,3
C04398,34,44340.95,71.38,2,21,7
C04399,31,69682.32,2823.31,30,1,6
C04400,18,65236.42,211.06,3,178,2
C04401,31,36959.03,290.77,8,5,3
C04402,21,24306.51,146.35,2,29,8
C04403,44,70704.87,3358.72,30,17,7
C04404,49,49500.29,695.87,22,8,16
C04405,31,37404.53,903.59,17,13,6
C04406,29,48050.2,532.55,7,219,1
C04407,35,64211.05,804.87,9,204,1
C04408,41,47318.84,443.15,20,37,10
C04409,42,88298.33,1160.44,9,213,0
C04410,40,99412.77,4240.12,25,14,6
C04411,39,38640.73,1407.74,23,32,10
C04412,49,126452.49,7466.31,41,11,3
C04413,34,56273.78,363.44,6,39,8
C04414,32,69147.27,3628.17,27,10,5
C04415,20,54385.15,386.45,15,30,9
C04416,18,44579.17,161.7,5,31,2
C04417,18,34413.08,369.99,4,62,4
C04418,52,88987.14,4291.4,32,0,6
C04419,45,74344.53,4599.93,27,44,3
C04420,41,30508.71,481.63,20,3,13
C04421,30,65482.71,508.72,19,153,8
C04422,55,98515.6,3317.76,27,2,8
C04423,28,44534.66,160.66,2,29,3
C04424,23,51439.43,644.86,28,43,9
C04425,18,45618.07,136.39,3,48,4
C04426,22,44389.7,1762.63,28,7,8
C04427,44,127790.06,3266.91,25,6,8
C04428,53,96782.45,6231.07,29,5,10
C04429,21,50225.84,437.91,14,75,12
C04430,39,70646.14,3357.29,26,25,5
C04431,30,30999.65,437.23,16,20,15
C04432,60,49844.92,945.34,11,149,1
C04433,58,57701.51,776.65,11,131,1
C04434,35,32050.3,1039.65,17,0,13
C04435,22,28914.49,392.73,7,20,7
C04436,19,49634.0,90.25,1,29,7
C04437,53,81706.14,1640.34,11,132,2
C04438,48,30069.85,534.1,11,33,14
C04439,47,38052.88,485.64,24,11,10
C04440,18,66958.64,371.17,18,10,14
C04441,41,90380.43,7002.41,30,37,9
C04442,29,41985.42,485.77,17,28,15
C04443,66,56322.26,867.73,11,241,2
C04444,55,59232.99,695.59,7,199,1
C04445,34,63108.42,2414.19,29,35,7
C04446,42,59408.92,501.32,19,17,12
C04447,25,45664.71,1191.63,19,3,4
C04448,30,37675.38,1156.11,16,19,10
C04449,26,19060.14,320.37,6,20,6
C04450,56,127195.08,2943.92,30,4,8
C04451,48,60979.96,634.46,10,129,0
C04452,74,54762.25,1024.97,15,111,2
C04453,18,34904.71,172.61,3,12,3
C04454,31,55156.7,234.18,3,38,6
C04455,31,63833.2,41.99,1,4,5
C04456,36,60365.89,382.51,19,53,11
C04457,39,44858.07,3091.95,23,9,6
C04458,26,56543.73,493.57,4,64,1
C04459,40,66062.22,4022.05,34,2,5
C04460,56,44518.35,856.51,10,202,0
C04461,18,51268.48,650.42,16,32,9
C04462,40,58576.06,664.4,12,117,11
C04463,41,40731.0,987.6,20,11,11
C04464,48,71849.95,1740.54,14,258,0
C04465,50,57324.04,4822.26,32,25,8
C04466,52,99676.01,5099.23,24,25,8
C04467,56,85504.38,6384.96,40,19,4
C04468,29,,46.32,1,14,3
C04469,58,57979.28,1369.58,13,197,1
C04470,29,52841.57,660.81,14,15,9
C04471,44,52883.49,380.18,6,141,0
C04472,54,60312.1,206.8,20,72,13
C04473,27,45044.25,178.79,4,14,2
C04474,38,94583.38,5172.74,31,13,6
C04475,39,54454.8,482.74,14,27,8
C04476,30,66870.75,770.18,10,42,2
C04477,31,39409.93,564.82,6,13,2
C04478,46,45872.82,326.52,15,68,7
C04479,49,39508.35,1366.98,15,251,1
C04480,47,55440.21,263.22,7,176,1
C04481,34,50968.87,375.04,12,10,8
C04482,37,52979.86,58.29,1,7,5
C04483,31,30002.34,143.34,3,40,3
C04484,24,38856.84,866.52,23,10,10
C04485,45,67827.53,509.57,11,184,2
C04486,36,32300.36,365.14,11,11,6
C04487,30,66776.26,107.79,3,15,4
C04488,46,72761.64,6462.7,29,4,5
C04489,35,67031.96,364.37,11,3,6
C04490,36,60280.37,539.27,7,22,5
C04491,29,53154.96,452.1,6,7,4
C04492,67,116428.63,460.85,9,162,0
C04493,50,60364.56,284.17,3,215,0
C04494,45,68455.82,4402.17,30,7,9
C04495,44,25480.58,519.61,29,16,7
C04496,34,54891.86,1259.36,23,27,12
C04497,29,44700.82,606.86,15,38,6
C04498,32,66813.59,355.11,20,27,17
C04499,55,43561.05,684.56,7,194,0
C04500,35,48163.0,299.02,4,43,6
C04501,42,73943.49,2621.18,28,71,1
C04502,18,28064.26,405.1,19,13,8
C04503,25,35920.91,133.37,3,26,4
C04504,42,47990.41,336.11,15,29,14
C04505,44,75226.55,1686.62,21,16,6
C04506,30,65539.21,312.66,23,32,7
C04507,24,53440.8,801.34,13,36,7
C04508,29,78319.67,2743.46,25,1,3
C04509,26,37943.78,393.3,5,16,5
C04510,45,53755.95,769.56,21,2,11
C04511,28,49410.89,124.78,1,38,4
C04512,24,56443.39,580.96,20,32,11
C04513,40,97531.49,830.56,15,220,0
C04514,34,77737.53,4387.32,29,5,4
C04515,45,96414.8,3369.52,35,6,10
C04516,30,38212.47,785.65,16,85,8
C04517,39,35178.53,736.6,16,56,12
C04518,28,30758.72,868.52,12,23,13
C04519,33,61211.58,162.4,6,40,8
C04520,25,60806.39,845.63,13,9,8
C04521,42,106072.35,7041.28,40,9,10
C04522,48,36657.04,951.89,23,4,14
C04523,21,31014.4,115.37,5,108,6
C04524,41,53043.36,667.65,9,214,3
C04525,36,42882.17,186.6,5,9,3
C04526,34,35379.57,237.43,3,38,4
C04527,28,56429.51,219.24,5,1,3
C04528,25,52491.94,68.54,2,4,4
C04529,31,25849.7,933.93,14,51,6
C04530,36,37136.3,188.54,6,50,3
C04531,32,32817.4,229.76,3,6,4
C04532,18,45127.43,1453.38,27,75,9
C04533,39,54989.99,196.72,4,1,3
C04534,36,30278.84,713.7,15,3,11
C04535,40,64753.14,797.39,18,6,10
C04536,47,72062.07,3766.4,30,6,5
C04537,36,38802.13,162.1,2,23,2
C04538,45,49729.66,737.68,16,148,1
C04539,44,56887.52,4274.55,39,8,6
C04540,35,62768.89,391.8,16,95,12
C04541,40,68111.45,3957.85,29,42,8
C04542,47,80226.88,7608.51,38,3,8
C04543,45,58240.62,1342.82,12,154,0
C04544,35,36837.14,360.36,9,19,9
C04545,18,56640.61,188.67,9,14,7
C04546,36,49378.71,1097.46,15,55,13
C04547,40,93658.62,1337.37,13,217,1
C04548,26,47364.88,868.52,19,33,12
C04549,27,40599.61,285.52,5,54,4
C04550,20,79310.68,742.58,22,6,9
C04551,37,123539.06,2436.11,24,6,5
C04552,36,58778.08,229.72,2,11,5
C04553,62,67648.79,4415.65,34,33,5
C04554,37,68357.61,216.98,2,3,3
C04555,34,38199.08,1639.26,23,5,12
C04556,23,50991.22,369.22,5,10,3
C04557,28,18115.58,34.16,1,36,10
C04558,27,17773.9,247.01,4,20,3
C04559,38,81995.76,4447.77,32,3,13
C04560,36,30660.51,37.88,1,103,5
C04561,45,49812.83,1114.73,9,228,0
C04562,27,28294.3,815.46,19,24,7
C04563,40,61736.42,440.87,13,54,5
C04564,42,53777.0,1937.36,9,263,3
C04565,43,70963.76,5617.77,31,13,7
C04566,24,25565.67,62.44,2,52,2
C04567,27,45901.71,84.12,1,7,6
C04568,43,126171.52,5316.75,31,9,7
C04569,31,37405.19,247.08,3,41,3
C04570,22,41158.54,113.23,2,1,2
C04571,28,34796.32,586.59,18,16,8
C04572,41,45934.58,281.02,5,153,0
C04573,41,87845.8,5242.6,45,2,6
C04574,59,35511.45,898.92,22,43,9
C04575,71,69728.18,507.13,9,222,0
C04576,48,60142.22,4026.22,29,18,4
C04577,49,58657.19,238.11,5,160,2
C04578,48,70758.09,7603.74,35,9,7
C04579,36,37414.41,701.5,30,55,6
C04580,31,115530.11,2139.41,18,12,6
C04581,27,47256.16,107.26,3,10,4
C04582,31,43932.96,213.69,6,78,2
C04583,54,57402.13,187.09,5,193,0
C04584,50,99893.19,1263.82,12,185,3
C04585,31,43018.13,169.49,3,4,6
C04586,30,62186.45,145.5,3,35,5
C04587,34,66590.11,494.32,16,14,6
C04588,43,47507.06,184.84,3,122,0
C04589,28,33949.2,341.65,5,34,6
C04590,52,97935.54,623.66,12,73,0
C04591,39,71765.04,862.7,21,44,6
C04592,34,53344.56,304.55,10,5,6
C04593,24,30669.14,520.48,8,2,2
C04594,53,82214.48,6362.17,37,12,3
C04595,41,69667.51,3861.05,34,11,5
C04596,39,134040.57,738.87,6,188,0
C04597,35,32428.09,848.91,14,38,6
C04598,43,97915.49,4172.4,24,8,4
C04599,61,30009.76,361.42,9,16,9
C04600,31,33322.02,503.49,13,58,4
C04601,31,40960.95,288.74,4,27,3
C04602,70,54885.79,1637.64,15,102,0
C04603,58,58898.25,425.92,8,178,1
C04604,30,40546.86,219.42,4,29,3
C04605,21,47546.91,80.77,2,28,5
C04606,43,53411.22,1342.94,23,21,4
C04607,37,55248.17,659.83,7,143,1
C04608,31,118289.75,7223.75,41,0,4
C04609,43,68037.13,6092.92,35,23,8
C04610,60,89574.63,1333.61,13,155,2
C04611,43,56926.37,324.1,6,148,0
C04612,33,47610.22,1153.29,25,42,8
C04613,33,31738.76,343.17,3,25,1
C04614,40,,565.18,19,4,5
C04615,39,29098.13,1186.85,12,4,8
C04616,35,68123.34,354.15,11,64,8
C04617,43,105420.91,4376.29,36,13,8
C04618,30,43421.67,244.52,4,4,6
C04619,37,50422.59,861.99,20,121,7
C04620,32,37572.02,1388.37,23,27,7
C04621,52,106814.6,4785.48,29,9,6
C04622,47,57256.96,391.6,7,222,0
C04623,27,53125.52,126.75,1,49,3
C04624,50,45671.14,750.42,8,239,2
C04625,54,93500.94,2472.98,25,4,3
C04626,27,40530.56,222.65,4,61,6
C04627,57,48277.51,353.24,11,176,1
C04628,30,37176.45,881.1,22,30,10
C04629,55,63842.28,2966.6,24,8,5
C04630,40,52576.73,566.77,18,3,12
C04631,63,54016.05,680.9,14,5,12
C04632,31,63545.19,419.56,19,213,10
C04633,32,53167.45,288.98,13,19,5
C04634,34,55035.18,1171.83,20,15,3
C04635,34,53831.67,282.55,8,25,4
C04636,44,52253.46,6070.35,31,27,5
C04637,50,45876.88,1035.72,22,115,9
C04638,19,75545.8,289.63,5,100,4
C04639,35,122533.98,7068.251557278696,16,2,5
C04640,37,57367.74,1355.0,18,101,5
C04641,46,55367.37,4985.3,22,18,7
C04642,34,87969.8,4782.04,28,8,6
C04643,53,37565.15,1457.19,31,58,6
C04644,42,63027.14,4107.79,32,6,8
C04645,23,50148.18,819.49,16,8,4
C04646,35,64982.56,1208.82,12,132,4
C04647,45,46847.9,367.65,5,161,2
C04648,41,107311.17,4487.34,29,95,6
C04649,24,26096.81,660.86,20,2,7
C04650,38,48746.81,425.07,18,3,5
C04651,39,58435.32,330.99,4,205,2
C04652,50,37003.74,797.88,8,191,1
C04653,43,78412.86,6598.82,31,9,8
C04654,53,72424.09,2425.89,24,7,4
C04655,37,37240.83,1308.37,14,69,9
C04656,29,56065.57,995.09,14,143,0
C04657,58,97657.75,854.11,9,165,1
C04658,49,76619.55,5596.81,34,33,5
C04659,31,,270.21,3,10,1
C04660,39,154004.86,6015.61,40,14,6
C04661,33,61870.49,193.52,4,1,7
C04662,51,66203.35,898.22,11,174,0
C04663,34,24664.93,737.64,22,21,13
C04664,52,,2411.28,23,19,4
C04665,27,,439.57,6,4,2
C04666,34,32163.79,432.39,12,18,8
C04667,61,55028.7,633.58,11,182,1
C04668,46,33748.73,747.73,18,60,6
C04669,37,65346.31,978.26,12,225,0
C04670,36,45045.79,429.19,21,9,9
C04671,31,80470.62,4174.11,42,4,5
C04672,38,33087.6,1309.34,19,7,7
C04673,46,57777.92,2627.69,31,2,4
C04674,44,43335.52,1008.69,16,1,11
C04675,32,42879.34,199.87,3,73,5
C04676,40,76707.57,5734.21,32,35,7
C04677,44,70455.9,6399.4,37,0,10
C04678,40,62390.49,4537.34,37,15,9
C04679,43,73028.48,2774.96,37,55,8
C04680,50,53868.03,527.26,9,189,2
C04681,46,65595.84,1347.88,10,210,5
C04682,51,88698.02,4359.51,35,15,7
C04683,38,36353.91,253.56,3,64,10
C04684,21,51666.0,223.56,4,360,2
C04685,44,73787.6,553.11,8,194,5
C04686,18,58180.05,446.0,21,9,10
C04687,38,,673.01,15,19,10
C04688,20,25426.76,857.33,16,69,8
C04689,60,56608.1,423.54,10,177,1
C04690,28,38971.01,64.74,1,49,7
C04691,28,54197.55,714.77,19,31,8
C04692,38,41010.95,375.55,17,8,7
C04693,34,30699.11,536.07,6,122,6
C04694,30,77027.88,2346.84,19,135,0
C04695,55,58961.36,733.36,20,6,8
C04696,37,58648.49,286.62,5,129,3
C04697,35,79292.6,292.32,20,10,11
C04698,46,25116.22,1230.28,17,77,7
C04699,31,23863.88,474.58,5,56,4
C04700,27,30892.48,131.51,1,41,7
C04701,50,47966.25,762.72,12,187,0
C04702,33,36647.14,718.92,19,84,8
C04703,25,42067.37,910.62,18,26,9
C04704,37,68938.73,434.75,23,58,11
C04705,40,75493.15,4484.86,33,0,7
C04706,28,34807.57,613.98,18,14,10
C04707,46,101811.61,3193.79,34,24,9
C04708,45,39040.98,880.45,19,1,4
C04709,40,87665.19,3683.58,25,9,5
C04710,37,41637.88,655.28,16,13,10
C04711,32,45218.93,416.28,7,34,3
C04712,27,42730.15,399.59,14,19,10
C04713,28,22350.51,53.64,1,9,8
C04714,45,58325.38,804.24,10,221,2
C04715,29,53910.1,163.13,3,14,3
C04716,49,61358.93,2336.08,31,1,2
C04717,46,60139.89,906.85,21,24,10
C04718,28,55733.47,288.76,6,14,3
C04719,35,48675.93,448.36,16,53,8
C04720,54,58364.74,4483.96,26,12,7
C04721,38,68706.05,744.84,18,22,8
C04722,26,27597.0,60.27,2,12,8
C04723,32,30193.29,711.9,26,20,9
C04724,32,62139.16,31.53,1,16,7
C04725,49,76009.4,2803.23,30,18,9
C04726,23,43159.27,558.52,8,6,8
C04727,56,,997.59,11,228,2
C04728,43,44128.3,656.66,26,12,9
C04729,23,37935.11,343.66,6,7,3
C04730,50,67613.19,810.45,17,3,9
C04731,42,44688.49,682.37,16,48,7
C04732,53,59955.59,835.76,8,178,1
C04733,42,39700.42,478.92,15,5,4
C04734,28,51059.26,472.53,13,15,9
C04735,65,47078.68,742.98,11,240,2
C04736,22,39917.33,695.57,6,12,7
C04737,37,27701.74,65.68,1,119,7
C04738,56,81738.42,4469.54,25,1,11
C04739,56,80158.27,6611.54,34,36,12
C04740,29,25821.39,609.54,6,14,4
C04741,50,55419.11,7718.34,33,16,7
C04742,46,40025.76,623.8,24,27,9
C04743,24,44939.68,235.98,2,35,2
C04744,39,20452.89,722.47,16,17,15
C04745,37,58956.33,3237.39,27,18,6
C04746,56,81345.42,3174.96,33,11,8
C04747,22,33043.89,974.75,20,46,5
C04748,26,37314.65,220.89,4,61,4
C04749,55,35508.28,586.93,7,266,0
C04750,52,104258.64,3423.98,27,17,4
C04751,60,119520.8,3702.53,35,6,5
C04752,32,55709.76,133.02,7,72,5
C04753,38,69898.63,417.32,20,40,13
C04754,40,47223.27,727.8,21,0,13
C04755,67,56815.62,1150.51,11,169,1
C04756,19,37502.86,135.5,3,24,2
C04757,36,53247.98,782.56,21,36,12
C04758,57,55481.31,585.88,11,167,0
C04759,37,99084.1,6539.01,37,1,2
C04760,51,71698.9,558.16,7,181,2
C04761,22,71062.42,726.55,20,2,7
C04762,35,46634.1,702.19,21,12,10
C04763,58,23565.03,579.04,11,182,2
C04764,44,74057.69,497.86,21,48,10
C04765,25,38691.4,632.51,18,39,15
C04766,34,59817.03,885.74,23,5,10
C04767,18,37365.35,239.25,5,142,7
C04768,30,55809.4,165.1,3,1,5
C04769,43,68109.52,2873.04,28,27,3
C04770,18,45778.68,257.5,3,6,4
C04771,34,63663.75,167.98,3,64,2
C04772,31,34089.39,914.08,19,8,15
C04773,37,94414.53,1524.66,18,2,6
C04774,30,89153.23,583.33,16,44,4
C04775,40,68411.05,2206.69,27,18,7
C04776,45,108663.8,5716.9,31,22,3
C04777,34,51762.38,893.5,17,4,4
C04778,53,140489.46,5626.39,34,23,5
C04779,34,75117.45,768.14,17,39,8
C04780,43,33438.46,812.02,9,47,4
C04781,18,44466.0,648.16,16,259,6
C04782,38,45880.01,620.67,8,207,2
C04783,52,84016.73,969.54,14,172,1
C04784,36,43467.73,267.08,4,3,6
C04785,44,57875.75,875.88,9,163,0
C04786,43,45307.02,865.1,8,232,0
C04787,41,30751.89,445.74,15,40,7
C04788,31,56053.79,111.14,4,0,6
C04789,34,81643.02,4090.47,33,2,10
C04790,27,40631.49,95.4,1,3,1
C04791,25,49015.1,503.35,16,134,6
C04792,39,95192.65,3863.18,30,10,1
C04793,29,38215.38,362.58,20,65,11
C04794,53,94269.15,1097.58,10,149,2
C04795,28,19716.72,272.56,23,42,8
C04796,37,62074.84,6922.82,37,30,5
C04797,49,142149.21,4280.24,32,27,2
C04798,31,84803.57,352.58,16,16,11
C04799,47,46908.55,925.5,10,78,1
C04800,27,32170.21,93.8,2,10,7
C04801,36,32860.15,923.73,25,50,8
C04802,43,86812.71,1763.04,20,8,9
C04803,37,162440.86,3751.73,29,19,5
C04804,31,51560.08,597.26,18,9,15
C04805,45,52543.52,1043.87,9,127,0
C04806,22,35921.58,241.15,5,35,1
C04807,45,37513.91,428.98,18,9,11
C04808,30,57990.31,360.25,4,14,4
C04809,40,28129.41,801.48,19,78,5
C04810,24,45723.16,244.1,3,1,6
C04811,51,29070.67,671.78,18,2,6
C04812,24,31465.68,369.64,7,22,6
C04813,41,42810.84,415.23,9,21,8
C04814,44,49309.69,367.27,2,143,0
C04815,31,31612.34,530.4,14,75,14
C04816,34,72195.69,4492.57,31,5,8
C04817,28,36487.8,553.56,19,20,16
C04818,43,41970.9,660.52,15,2,9
C04819,21,62272.87,310.93,8,19,3
C04820,39,,31.25,1,5,0
C04821,25,35120.56,301.75,5,76,5
C04822,39,40580.96,251.36,15,19,10
C04823,24,44127.64,70.24,2,20,5
C04824,35,,589.14,5,1,4
C04825,42,29638.25,215.1,14,102,3
C04826,27,69854.39,543.05,16,76,7
C04827,52,102274.6,2521.07,22,2,5
C04828,51,56173.01,677.09,26,11,7
C04829,34,29621.83,306.88,2,171,6
C04830,51,91144.59,1088.86,11,170,0
C04831,35,49863.01,319.8,6,16,5
C04832,21,25552.53,788.74,15,13,9
C04833,31,35195.84,147.53,6,22,4
C04834,37,64622.22,61.24,1,32,3
C04835,32,41538.31,1049.87,21,5,9
C04836,40,83638.65,494.07,5,106,2
C04837,38,57402.75,6626.73,31,17,5
C04838,44,89591.51,2793.96,24,16,5
C04839,52,83572.93,3266.76,30,10,7
C04840,48,82286.86,4886.28,32,9,3
C04841,57,58518.06,1421.43,14,213,0
C04842,38,44938.62,204.55,7,37,14
C04843,38,,914.16,24,24,12
C04844,33,55090.02,630.56,24,24,14
C04845,38,59665.71,1238.52,25,7,12
C04846,54,46566.34,648.91,15,97,13
C04847,49,84404.09,8476.65,32,13,1
C04848,33,54271.92,286.43,3,4,5
C04849,53,91168.6,6717.6,32,3,4
C04850,38,44853.45,102.77,2,31,7
C04851,59,85467.31,4772.3,30,32,5
C04852,32,54280.75,250.76,4,48,2
C04853,75,54436.73,683.03,10,163,1
C04854,35,104411.59,4402.96,29,28,3
C04855,45,78846.66,3605.31,32,20,6
C04856,57,111911.8,600.67,9,178,0
C04857,42,75854.74,1293.11,23,48,10
C04858,34,38692.06,96.7,4,24,6
C04859,42,112108.66,3001.3,31,5,10
C04860,46,41912.88,906.13,22,10,11
C04861,31,35734.86,1270.46,26,8,11
C04862,39,94046.42,232.76,6,282,1
C04863,28,39402.93,829.51,18,19,8
C04864,32,65602.79,632.75,7,7,4
C04865,33,42010.84,250.45,5,37,5
C04866,43,115637.09,3682.05,38,0,6
C04867,41,65917.44,494.74,14,111,6
C04868,46,45492.23,920.58,19,1,5
C04869,37,45531.82,789.2,22,18,9
C04870,32,92642.16,0.0,0,31,2
C04871,32,34790.39,617.53,14,7,7
C04872,18,,595.5,13,22,11
C04873,26,34550.06,197.18,3,41,5
C04874,18,35658.3,118.53,4,44,2
C04875,42,45614.2,845.72,18,40,6
C04876,29,41277.63,122.72,3,4,4
C04877,40,38192.41,316.76,10,44,10
C04878,23,51005.02,416.73,7,11,4
C04879,37,23456.64,494.48,10,5,8
C04880,29,24107.92,696.38,13,30,7
C04881,42,58061.9,12977.62,39,37,6
C04882,30,54774.41,172.62,4,53,6
C04883,41,49946.31,245.06,3,56,7
C04884,34,50795.02,667.57,17,56,11
C04885,64,30217.37,1180.02,10,157,2
C04886,54,64678.27,694.13,7,192,0
C04887,39,109914.42,4388.89,30,5,9
C04888,35,36220.31,207.23,3,7,6
C04889,28,49761.89,340.49,21,43,8
C04890,53,69048.0,630.19,7,151,1
C04891,35,27127.48,897.67,17,8,7
C04892,33,38737.14,536.51,17,42,9
C04893,43,47299.76,377.39,19,3,7
C04894,29,43697.26,659.97,15,26,8
C04895,18,43495.21,146.13,5,41,2
C04896,37,46794.69,611.78,18,1,10
C04897,30,63948.56,605.83,20,35,5
C04898,26,43594.84,471.46,14,16,5
C04899,38,67088.49,798.99,8,199,0
C04900,33,32060.78,206.55,4,45,6
C04901,33,48986.85,327.88,17,16,22
C04902,53,59141.31,637.42,17,57,8
C04903,48,137894.94,3341.56,30,48,6
C04904,69,55249.59,1270.51,11,176,2
C04905,18,43823.35,940.35,9,7,4
C04906,39,40484.49,177.86,3,0,6
C04907,54,54525.97,635.2,9,264,2
C04908,55,72489.77,4325.6,29,5,8
C04909,20,31974.92,367.74,6,5,5
C04910,50,91629.5,3455.87,28,27,7
C04911,46,93073.6,3925.13,26,1,7
C04912,39,65565.53,977.37,19,97,7
C04913,54,51606.34,513.61,20,21,4
C04914,30,37772.35,887.77,10,201,2
C04915,18,53163.53,305.54,16,42,8
C04916,56,73308.51,612.14,11,109,1
C04917,31,22013.85,243.2,5,30,3
C04918,28,,247.55,7,108,2
C04919,57,40750.05,802.03,11,112,2
C04920,38,39539.88,546.98,14,1,5
C04921,23,27088.43,351.19,14,10,13
C04922,51,61068.46,6564.57,33,2,7
C04923,26,57093.44,1276.02,22,42,7
C04924,51,74969.28,508.5,11,100,2
C04925,18,64087.76,479.67,17,27,8
C04926,34,44878.44,1354.94,24,27,8
C04927,43,92449.51,3386.13,27,16,6
C04928,27,38339.73,204.52,10,38,4
C04929,18,37529.23,215.05,2,1,1
C04930,33,64093.35,349.27,15,35,4
C04931,23,51017.01,214.0,6,40,4
C04932,28,32695.09,268.95,4,30,3
C04933,37,35497.47,96.26,3,8,5
C04934,40,38566.66,356.58,13,5,7
C04935,31,52205.37,280.17,4,13,6
C04936,53,123475.98,5729.37,23,74,9
C04937,40,67654.58,546.95,13,41,6
C04938,25,31636.77,353.96,6,18,1
C04939,33,36826.14,559.86,6,10,2
C04940,43,56708.27,5232.45,32,4,2
C04941,51,45276.25,625.49,11,171,1
C04942,34,63500.56,1905.5,17,0,7
C04943,32,36812.16,59.77,1,19,5
C04944,43,61986.01,1106.63,12,182,0
C04945,26,46289.87,245.38,7,1,1
C04946,50,85927.27,902.43,13,169,1
C04947,25,78530.96,214.56,5,10,3
C04948,41,50107.87,400.16,7,56,6
C04949,23,23699.32,251.5,2,107,2
C04950,32,54538.8,92.31,2,132,6
C04951,26,27376.0,677.39,18,47,9
C04952,33,34416.73,209.46,5,1,6
C04953,27,25104.93,1300.77,13,16,8
C04954,56,76928.93,1174.95,11,123,1
C04955,35,28958.95,1079.76,21,64,3
C04956,30,69528.7,916.45,21,8,10
C04957,48,72103.97,351.94,6,106,1
C04958,24,49556.26,777.11,19,44,8
C04959,49,49008.59,306.92,14,16,2
C04960,40,39087.86,471.54,6,84,4
C04961,60,93271.72,3563.89,29,33,10
C04962,46,93697.05,3948.5,32,2,7
C04963,34,38719.08,421.1,15,18,13
C04964,29,42315.85,654.78,19,1,7
C04965,36,41353.57,594.49,22,6,6
C04966,48,42591.09,1665.04,33,5,8
C04967,36,61165.24,599.22,18,69,6
C04968,26,,953.0,24,7,10
C04969,26,76120.98,4142.33,32,12,9
C04970,39,40884.18,211.46,4,47,4
C04971,18,29074.61,422.44,7,97,2
C04972,45,82213.8,7685.57,31,44,9
C04973,33,47577.7,650.39,24,43,15
C04974,41,55708.53,557.66,8,178,2
C04975,32,58871.89,224.57,8,108,9
C04976,25,32015.9,477.13,15,14,14
C04977,35,33705.84,313.14,10,67,14
C04978,35,76380.65,3423.81,26,17,3
C04979,52,55262.62,322.56,9,155,0
C04980,52,71405.92,805.57,8,266,0
C04981,44,62065.12,1570.08,12,299,0
C04982,56,39867.83,539.77,21,65,12
C04983,24,40108.02,239.7,10,5,7
C04984,47,98972.67,3191.12,38,10,8
C04985,22,77732.5,528.31,19,42,6
C04986,27,29471.48,689.99,12,70,8
C04987,18,59571.55,121.4,2,132,3
C04988,56,89542.02,2904.19,30,4,2
C04989,55,66393.71,874.88,10,161,1
C04990,33,105874.69,3697.21,24,6,8
C04991,37,89245.55,3205.38,30,12,6
C04992,60,78891.6,1135.1,12,146,1
C04993,25,34758.15,167.7,3,14,5
C04994,49,46938.42,1001.47,22,27,17
C04995,20,44600.77,153.08,3,7,3
C04996,28,34303.17,1120.05,18,49,9
C04997,44,121325.49,6297.89,29,7,7
C04998,30,30519.05,763.27,20,16,12
C04999,46,91921.8,1190.57,14,21,5
C05000,21,43116.32,189.63,3,57,5
