customer_id,true_persona
C00001,new_occasional
C00002,bargain_hunter
C00003,at_risk_dormant
C00004,new_occasional
C00005,high_value_loyalist
C00006,at_risk_dormant
C00007,new_occasional
C00008,new_occasional
C00009,high_value_loyalist
C00010,bargain_hunter
C00011,bargain_hunter
C00012,at_risk_dormant
C00013,new_occasional
C00014,at_risk_dormant
C00015,bargain_hunter
C00016,bargain_hunter
C00017,new_occasional
C00018,high_value_loyalist
C00019,at_risk_dormant
C00020,new_occasional
C00021,new_occasional
C00022,bargain_hunter
C00023,at_risk_dormant
C00024,at_risk_dormant
C00025,new_occasional
C00026,high_value_loyalist
C00027,bargain_hunter
C00028,high_value_loyalist
C00029,high_value_loyalist
C00030,new_occasional
C00031,new_occasional
C00032,at_risk_dormant
C00033,bargain_hunter
C00034,bargain_hunter
C00035,bargain_hunter
C00036,high_value_loyalist
C00037,high_value_loyalist
C00038,bargain_hunter
C00039,bargain_hunter
C00040,new_occasional
C00041,bargain_hunter
C00042,at_risk_dormant
C00043,new_occasional
C00044,bargain_hunter
C00045,at_risk_dormant
C00046,at_risk_dormant
C00047,bargain_hunter
C00048,bargain_hunter
C00049,new_occasional
C00050,high_value_loyalist
C00051,high_value_loyalist
C00052,high_value_loyalist
C00053,new_occasional
C00054,new_occasional
C00055,new_occasional
C00056,new_occasional
C00057,bargain_hunter
C00058,new_occasional
C00059,high_value_loyalist
C00060,high_value_loyalist
C00061,new_occasional
C00062,bargain_hunter
C00063,new_occasional
C00064,new_occasional
C00065,new_occasional
C00066,new_occasional
C00067,new_occasional
C00068,bargain_hunter
C00069,high_value_loyalist
C00070,bargain_hunter
C00071,high_value_loyalist
C00072,bargain_hunter
C00073,at_risk_dormant
C00074,bargain_hunter
C00075,high_value_loyalist
C00076,bargain_hunter
C00077,bargain_hunter
C00078,new_occasional
C00079,new_occasional
C00080,new_occasional
C00081,new_occasional
C00082,bargain_hunter
C00083,at_risk_dormant
C00084,high_value_loyalist
C00085,high_value_loyalist
C00086,high_value_loyalist
C00087,new_occasional
C00088,bargain_hunter
C00089,high_value_loyalist
C00090,bargain_hunter
C00091,high_value_loyalist
C00092,new_occasional
C00093,bargain_hunter
C00094,bargain_hunter
C00095,bargain_hunter
C00096,new_occasional
C00097,bargain_hunter
C00098,high_value_loyalist
C00099,high_value_loyalist
C00100,at_risk_dormant
C00101,at_risk_dormant
C00102,new_occasional
C00103,bargain_hunter
C00104,at_risk_dormant
C00105,new_occasional
C00106,new_occasional
C00107,bargain_hunter
C00108,bargain_hunter
C00109,high_value_loyalist
C00110,at_risk_dormant
C00111,bargain_hunter
C00112,high_value_loyalist
C00113,bargain_hunter
C00114,new_occasional
C00115,high_value_loyalist
C00116,at_risk_dormant
C00117,new_occasional
C00118,new_occasional
C00119,bargain_hunter
C00120,new_occasional
C00121,new_occasional
C00122,new_occasional
C00123,high_value_loyalist
C00124,bargain_hunter
C00125,high_value_loyalist
C00126,bargain_hunter
C00127,bargain_hunter
C00128,high_value_loyalist
C00129,high_value_loyalist
C00130,new_occasional
C00131,high_value_loyalist
C00132,at_risk_dormant
C00133,new_occasional
C00134,bargain_hunter
C00135,new_occasional
C00136,high_value_loyalist
C00137,at_risk_dormant
C00138,bargain_hunter
C00139,new_occasional
C00140,high_value_loyalist
C00141,bargain_hunter
C00142,bargain_hunter
C00143,at_risk_dormant
C00144,new_occasional
C00145,bargain_hunter
C00146,bargain_hunter
C00147,bargain_hunter
C00148,new_occasional
C00149,bargain_hunter
C00150,high_value_loyalist
C00151,at_risk_dormant
C00152,at_risk_dormant
C00153,high_value_loyalist
C00154,new_occasional
C00155,high_value_loyalist
C00156,new_occasional
C00157,bargain_hunter
C00158,new_occasional
C00159,new_occasional
C00160,new_occasional
C00161,high_value_loyalist
C00162,at_risk_dormant
C00163,bargain_hunter
C00164,high_value_loyalist
C00165,new_occasional
C00166,bargain_hunter
C00167,at_risk_dormant
C00168,at_risk_dormant
C00169,bargain_hunter
C00170,at_risk_dormant
C00171,bargain_hunter
C00172,bargain_hunter
C00173,bargain_hunter
C00174,at_risk_dormant
C00175,high_value_loyalist
C00176,high_value_loyalist
C00177,bargain_hunter
C00178,at_risk_dormant
C00179,at_risk_dormant
C00180,new_occasional
C00181,at_risk_dormant
C00182,at_risk_dormant
C00183,bargain_hunter
C00184,bargain_hunter
C00185,new_occasional
C00186,new_occasional
C00187,bargain_hunter
C00188,high_value_loyalist
C00189,new_occasional
C00190,bargain_hunter
C00191,at_risk_dormant
C00192,bargain_hunter
C00193,high_value_loyalist
C00194,at_risk_dormant
C00195,high_value_loyalist
C00196,high_value_loyalist
C00197,new_occasional
C00198,at_risk_dormant
C00199,high_value_loyalist
C00200,bargain_hunter
C00201,new_occasional
C00202,at_risk_dormant
C00203,bargain_hunter
C00204,high_value_loyalist
C00205,high_value_loyalist
C00206,bargain_hunter
C00207,high_value_loyalist
C00208,new_occasional
C00209,high_value_loyalist
C00210,bargain_hunter
C00211,new_occasional
C00212,new_occasional
C00213,high_value_loyalist
C00214,at_risk_dormant
C00215,new_occasional
C00216,new_occasional
C00217,high_value_loyalist
C00218,high_value_loyalist
C00219,at_risk_dormant
C00220,bargain_hunter
C00221,bargain_hunter
C00222,bargain_hunter
C00223,new_occasional
C00224,at_risk_dormant
C00225,bargain_hunter
C00226,at_risk_dormant
C00227,high_value_loyalist
C00228,new_occasional
C00229,new_occasional
C00230,high_value_loyalist
C00231,high_value_loyalist
C00232,bargain_hunter
C00233,at_risk_dormant
C00234,new_occasional
C00235,at_risk_dormant
C00236,at_risk_dormant
C00237,bargain_hunter
C00238,new_occasional
C00239,high_value_loyalist
C00240,high_value_loyalist
C00241,at_risk_dormant
C00242,new_occasional
C00243,bargain_hunter
C00244,new_occasional
C00245,new_occasional
C00246,at_risk_dormant
C00247,new_occasional
C00248,bargain_hunter
C00249,bargain_hunter
C00250,bargain_hunter
C00251,new_occasional
C00252,at_risk_dormant
C00253,bargain_hunter
C00254,bargain_hunter
C00255,bargain_hunter
C00256,new_occasional
C00257,at_risk_dormant
C00258,high_value_loyalist
C00259,high_value_loyalist
C00260,new_occasional
C00261,high_value_loyalist
C00262,at_risk_dormant
C00263,bargain_hunter
C00264,high_value_loyalist
C00265,at_risk_dormant
C00266,high_value_loyalist
C00267,bargain_hunter
C00268,high_value_loyalist
C00269,high_value_loyalist
C00270,high_value_loyalist
C00271,high_value_loyalist
C00272,high_value_loyalist
C00273,high_value_loyalist
C00274,new_occasional
C00275,new_occasional
C00276,bargain_hunter
C00277,bargain_hunter
C00278,bargain_hunter
C00279,at_risk_dormant
C00280,at_risk_dormant
C00281,high_value_loyalist
C00282,high_value_loyalist
C00283,bargain_hunter
C00284,bargain_hunter
C00285,new_occasional
C00286,bargain_hunter
C00287,high_value_loyalist
C00288,bargain_hunter
C00289,new_occasional
C00290,high_value_loyalist
C00291,at_risk_dormant
C00292,high_value_loyalist
C00293,at_risk_dormant
C00294,high_value_loyalist
C00295,at_risk_dormant
C00296,at_risk_dormant
C00297,at_risk_dormant
C00298,at_risk_dormant
C00299,new_occasional
C00300,new_occasional
C00301,new_occasional
C00302,high_value_loyalist
C00303,new_occasional
C00304,bargain_hunter
C00305,at_risk_dormant
C00306,bargain_hunter
C00307,bargain_hunter
C00308,new_occasional
C00309,bargain_hunter
C00310,high_value_loyalist
C00311,bargain_hunter
C00312,bargain_hunter
C00313,bargain_hunter
C00314,bargain_hunter
C00315,bargain_hunter
C00316,bargain_hunter
C00317,bargain_hunter
C00318,new_occasional
C00319,bargain_hunter
C00320,at_risk_dormant
C00321,at_risk_dormant
C00322,bargain_hunter
C00323,bargain_hunter
C00324,new_occasional
C00325,at_risk_dormant
C00326,new_occasional
C00327,at_risk_dormant
C00328,new_occasional
C00329,new_occasional
C00330,bargain_hunter
C00331,new_occasional
C00332,high_value_loyalist
C00333,new_occasional
C00334,at_risk_dormant
C00335,high_value_loyalist
C00336,new_occasional
C00337,high_value_loyalist
C00338,new_occasional
C00339,high_value_loyalist
C00340,at_risk_dormant
C00341,high_value_loyalist
C00342,at_risk_dormant
C00343,at_risk_dormant
C00344,new_occasional
C00345,new_occasional
C00346,new_occasional
C00347,at_risk_dormant
C00348,bargain_hunter
C00349,new_occasional
C00350,high_value_loyalist
C00351,new_occasional
C00352,high_value_loyalist
C00353,new_occasional
C00354,new_occasional
C00355,bargain_hunter
C00356,new_occasional
C00357,new_occasional
C00358,new_occasional
C00359,bargain_hunter
C00360,new_occasional
C00361,at_risk_dormant
C00362,high_value_loyalist
C00363,high_value_loyalist
C00364,high_value_loyalist
C00365,new_occasional
C00366,bargain_hunter
C00367,new_occasional
C00368,new_occasional
C00369,bargain_hunter
C00370,at_risk_dormant
C00371,new_occasional
C00372,bargain_hunter
C00373,bargain_hunter
C00374,bargain_hunter
C00375,high_value_loyalist
C00376,high_value_loyalist
C00377,at_risk_dormant
C00378,bargain_hunter
C00379,bargain_hunter
C00380,new_occasional
C00381,new_occasional
C00382,at_risk_dormant
C00383,new_occasional
C00384,bargain_hunter
C00385,bargain_hunter
C00386,at_risk_dormant
C00387,new_occasional
C00388,at_risk_dormant
C00389,high_value_loyalist
C00390,at_risk_dormant
C00391,new_occasional
C00392,high_value_loyalist
C00393,new_occasional
C00394,new_occasional
C00395,high_value_loyalist
C00396,bargain_hunter
C00397,at_risk_dormant
C00398,bargain_hunter
C00399,bargain_hunter
C00400,bargain_hunter
C00401,bargain_hunter
C00402,at_risk_dormant
C00403,new_occasional
C00404,high_value_loyalist
C00405,at_risk_dormant
C00406,at_risk_dormant
C00407,bargain_hunter
C00408,at_risk_dormant
C00409,high_value_loyalist
C00410,at_risk_dormant
C00411,new_occasional
C00412,new_occasional
C00413,high_value_loyalist
C00414,at_risk_dormant
C00415,high_value_loyalist
C00416,bargain_hunter
C00417,high_value_loyalist
C00418,new_occasional
C00419,high_value_loyalist
C00420,at_risk_dormant
C00421,new_occasional
C00422,high_value_loyalist
C00423,high_value_loyalist
C00424,high_value_loyalist
C00425,new_occasional
C00426,at_risk_dormant
C00427,bargain_hunter
C00428,at_risk_dormant
C00429,high_value_loyalist
C00430,at_risk_dormant
C00431,at_risk_dormant
C00432,new_occasional
C00433,new_occasional
C00434,at_risk_dormant
C00435,high_value_loyalist
C00436,high_value_loyalist
C00437,high_value_loyalist
C00438,bargain_hunter
C00439,new_occasional
C00440,new_occasional
C00441,at_risk_dormant
C00442,high_value_loyalist
C00443,new_occasional
C00444,high_value_loyalist
C00445,bargain_hunter
C00446,new_occasional
C00447,at_risk_dormant
C00448,new_occasional
C00449,high_value_loyalist
C00450,new_occasional
C00451,high_value_loyalist
C00452,at_risk_dormant
C00453,new_occasional
C00454,high_value_loyalist
C00455,high_value_loyalist
C00456,high_value_loyalist
C00457,at_risk_dormant
C00458,bargain_hunter
C00459,new_occasional
C00460,new_occasional
C00461,new_occasional
C00462,high_value_loyalist
C00463,at_risk_dormant
C00464,bargain_hunter
C00465,new_occasional
C00466,new_occasional
C00467,new_occasional
C00468,at_risk_dormant
C00469,high_value_loyalist
C00470,bargain_hunter
C00471,bargain_hunter
C00472,bargain_hunter
C00473,high_value_loyalist
C00474,high_value_loyalist
C00475,bargain_hunter
C00476,bargain_hunter
C00477,bargain_hunter
C00478,new_occasional
C00479,new_occasional
C00480,bargain_hunter
C00481,bargain_hunter
C00482,high_value_loyalist
C00483,new_occasional
C00484,bargain_hunter
C00485,high_value_loyalist
C00486,bargain_hunter
C00487,bargain_hunter
C00488,bargain_hunter
C00489,new_occasional
C00490,new_occasional
C00491,new_occasional
C00492,new_occasional
C00493,new_occasional
C00494,bargain_hunter
C00495,new_occasional
C00496,new_occasional
C00497,bargain_hunter
C00498,new_occasional
C00499,bargain_hunter
C00500,bargain_hunter
C00501,new_occasional
C00502,at_risk_dormant
C00503,at_risk_dormant
C00504,bargain_hunter
C00505,new_occasional
C00506,new_occasional
C00507,bargain_hunter
C00508,at_risk_dormant
C00509,bargain_hunter
C00510,high_value_loyalist
C00511,high_value_loyalist
C00512,at_risk_dormant
C00513,high_value_loyalist
C00514,bargain_hunter
C00515,bargain_hunter
C00516,high_value_loyalist
C00517,bargain_hunter
C00518,new_occasional
C00519,high_value_loyalist
C00520,at_risk_dormant
C00521,at_risk_dormant
C00522,bargain_hunter
C00523,high_value_loyalist
C00524,new_occasional
C00525,high_value_loyalist
C00526,bargain_hunter
C00527,at_risk_dormant
C00528,at_risk_dormant
C00529,new_occasional
C00530,bargain_hunter
C00531,new_occasional
C00532,new_occasional
C00533,bargain_hunter
C00534,new_occasional
C00535,high_value_loyalist
C00536,high_value_loyalist
C00537,new_occasional
C00538,high_value_loyalist
C00539,high_value_loyalist
C00540,at_risk_dormant
C00541,at_risk_dormant
C00542,new_occasional
C00543,at_risk_dormant
C00544,at_risk_dormant
C00545,high_value_loyalist
C00546,bargain_hunter
C00547,bargain_hunter
C00548,high_value_loyalist
C00549,new_occasional
C00550,bargain_hunter
C00551,bargain_hunter
C00552,high_value_loyalist
C00553,high_value_loyalist
C00554,at_risk_dormant
C00555,high_value_loyalist
C00556,bargain_hunter
C00557,bargain_hunter
C00558,bargain_hunter
C00559,new_occasional
C00560,bargain_hunter
C00561,high_value_loyalist
C00562,bargain_hunter
C00563,at_risk_dormant
C00564,new_occasional
C00565,new_occasional
C00566,new_occasional
C00567,new_occasional
C00568,high_value_loyalist
C00569,bargain_hunter
C00570,new_occasional
C00571,bargain_hunter
C00572,at_risk_dormant
C00573,bargain_hunter
C00574,new_occasional
C00575,at_risk_dormant
C00576,bargain_hunter
C00577,at_risk_dormant
C00578,new_occasional
C00579,at_risk_dormant
C00580,bargain_hunter
C00581,bargain_hunter
C00582,new_occasional
C00583,high_value_loyalist
C00584,bargain_hunter
C00585,at_risk_dormant
C00586,new_occasional
C00587,high_value_loyalist
C00588,bargain_hunter
C00589,high_value_loyalist
C00590,high_value_loyalist
C00591,at_risk_dormant
C00592,bargain_hunter
C00593,bargain_hunter
C00594,new_occasional
C00595,high_value_loyalist
C00596,bargain_hunter
C00597,new_occasional
C00598,new_occasional
C00599,at_risk_dormant
C00600,new_occasional
C00601,bargain_hunter
C00602,new_occasional
C00603,at_risk_dormant
C00604,new_occasional
C00605,at_risk_dormant
C00606,new_occasional
C00607,at_risk_dormant
C00608,high_value_loyalist
C00609,new_occasional
C00610,bargain_hunter
C00611,new_occasional
C00612,new_occasional
C00613,at_risk_dormant
C00614,at_risk_dormant
C00615,bargain_hunter
C00616,new_occasional
C00617,new_occasional
C00618,bargain_hunter
C00619,high_value_loyalist
C00620,high_value_loyalist
C00621,new_occasional
C00622,bargain_hunter
C00623,at_risk_dormant
C00624,bargain_hunter
C00625,at_risk_dormant
C00626,bargain_hunter
C00627,new_occasional
C00628,high_value_loyalist
C00629,new_occasional
C00630,at_risk_dormant
C00631,at_risk_dormant
C00632,at_risk_dormant
C00633,high_value_loyalist
C00634,bargain_hunter
C00635,high_value_loyalist
C00636,high_value_loyalist
C00637,new_occasional
C00638,new_occasional
C00639,new_occasional
C00640,at_risk_dormant
C00641,new_occasional
C00642,at_risk_dormant
C00643,high_value_loyalist
C00644,bargain_hunter
C00645,new_occasional
C00646,at_risk_dormant
C00647,high_value_loyalist
C00648,bargain_hunter
C00649,new_occasional
C00650,high_value_loyalist
C00651,bargain_hunter
C00652,at_risk_dormant
C00653,new_occasional
C00654,bargain_hunter
C00655,at_risk_dormant
C00656,bargain_hunter
C00657,at_risk_dormant
C00658,bargain_hunter
C00659,new_occasional
C00660,bargain_hunter
C00661,bargain_hunter
C00662,at_risk_dormant
C00663,high_value_loyalist
C00664,high_value_loyalist
C00665,bargain_hunter
C00666,new_occasional
C00667,at_risk_dormant
C00668,at_risk_dormant
C00669,bargain_hunter
C00670,bargain_hunter
C00671,high_value_loyalist
C00672,new_occasional
C00673,at_risk_dormant
C00674,new_occasional
C00675,new_occasional
C00676,bargain_hunter
C00677,at_risk_dormant
C00678,bargain_hunter
C00679,high_value_loyalist
C00680,bargain_hunter
C00681,high_value_loyalist
C00682,high_value_loyalist
C00683,high_value_loyalist
C00684,bargain_hunter
C00685,new_occasional
C00686,bargain_hunter
C00687,bargain_hunter
C00688,at_risk_dormant
C00689,new_occasional
C00690,new_occasional
C00691,bargain_hunter
C00692,at_risk_dormant
C00693,bargain_hunter
C00694,bargain_hunter
C00695,at_risk_dormant
C00696,new_occasional
C00697,new_occasional
C00698,new_occasional
C00699,new_occasional
C00700,bargain_hunter
C00701,bargain_hunter
C00702,bargain_hunter
C00703,high_value_loyalist
C00704,at_risk_dormant
C00705,bargain_hunter
C00706,new_occasional
C00707,new_occasional
C00708,new_occasional
C00709,bargain_hunter
C00710,bargain_hunter
C00711,at_risk_dormant
C00712,new_occasional
C00713,at_risk_dormant
C00714,at_risk_dormant
C00715,new_occasional
C00716,high_value_loyalist
C00717,new_occasional
C00718,high_value_loyalist
C00719,new_occasional
C00720,at_risk_dormant
C00721,bargain_hunter
C00722,bargain_hunter
C00723,high_value_loyalist
C00724,at_risk_dormant
C00725,high_value_loyalist
C00726,high_value_loyalist
C00727,bargain_hunter
C00728,high_value_loyalist
C00729,bargain_hunter
C00730,bargain_hunter
C00731,bargain_hunter
C00732,high_value_loyalist
C00733,high_value_loyalist
C00734,bargain_hunter
C00735,high_value_loyalist
C00736,new_occasional
C00737,high_value_loyalist
C00738,bargain_hunter
C00739,bargain_hunter
C00740,bargain_hunter
C00741,high_value_loyalist
C00742,high_value_loyalist
C00743,at_risk_dormant
C00744,high_value_loyalist
C00745,bargain_hunter
C00746,bargain_hunter
C00747,bargain_hunter
C00748,bargain_hunter
C00749,new_occasional
C00750,at_risk_dormant
C00751,bargain_hunter
C00752,bargain_hunter
C00753,bargain_hunter
C00754,bargain_hunter
C00755,new_occasional
C00756,bargain_hunter
C00757,bargain_hunter
C00758,at_risk_dormant
C00759,high_value_loyalist
C00760,bargain_hunter
C00761,new_occasional
C00762,high_value_loyalist
C00763,high_value_loyalist
C00764,high_value_loyalist
C00765,at_risk_dormant
C00766,high_value_loyalist
C00767,high_value_loyalist
C00768,high_value_loyalist
C00769,high_value_loyalist
C00770,new_occasional
C00771,bargain_hunter
C00772,new_occasional
C00773,new_occasional
C00774,at_risk_dormant
C00775,high_value_loyalist
C00776,at_risk_dormant
C00777,new_occasional
C00778,high_value_loyalist
C00779,new_occasional
C00780,at_risk_dormant
C00781,bargain_hunter
C00782,at_risk_dormant
C00783,bargain_hunter
C00784,new_occasional
C00785,at_risk_dormant
C00786,bargain_hunter
C00787,at_risk_dormant
C00788,bargain_hunter
C00789,new_occasional
C00790,new_occasional
C00791,high_value_loyalist
C00792,bargain_hunter
C00793,bargain_hunter
C00794,high_value_loyalist
C00795,high_value_loyalist
C00796,bargain_hunter
C00797,high_value_loyalist
C00798,high_value_loyalist
C00799,new_occasional
C00800,new_occasional
C00801,new_occasional
C00802,bargain_hunter
C00803,at_risk_dormant
C00804,new_occasional
C00805,high_value_loyalist
C00806,high_value_loyalist
C00807,new_occasional
C00808,high_value_loyalist
C00809,bargain_hunter
C00810,at_risk_dormant
C00811,high_value_loyalist
C00812,high_value_loyalist
C00813,at_risk_dormant
C00814,new_occasional
C00815,high_value_loyalist
C00816,at_risk_dormant
C00817,at_risk_dormant
C00818,new_occasional
C00819,new_occasional
C00820,bargain_hunter
C00821,high_value_loyalist
C00822,new_occasional
C00823,bargain_hunter
C00824,new_occasional
C00825,at_risk_dormant
C00826,high_value_loyalist
C00827,new_occasional
C00828,bargain_hunter
C00829,at_risk_dormant
C00830,bargain_hunter
C00831,new_occasional
C00832,new_occasional
C00833,bargain_hunter
C00834,new_occasional
C00835,new_occasional
C00836,new_occasional
C00837,new_occasional
C00838,at_risk_dormant
C00839,bargain_hunter
C00840,bargain_hunter
C00841,high_value_loyalist
C00842,new_occasional
C00843,new_occasional
C00844,bargain_hunter
C00845,high_value_loyalist
C00846,at_risk_dormant
C00847,bargain_hunter
C00848,new_occasional
C00849,high_value_loyalist
C00850,at_risk_dormant
C00851,high_value_loyalist
C00852,high_value_loyalist
C00853,at_risk_dormant
C00854,at_risk_dormant
C00855,high_value_loyalist
C00856,bargain_hunter
C00857,new_occasional
C00858,at_risk_dormant
C00859,bargain_hunter
C00860,bargain_hunter
C00861,new_occasional
C00862,new_occasional
C00863,new_occasional
C00864,new_occasional
C00865,high_value_loyalist
C00866,at_risk_dormant
C00867,at_risk_dormant
C00868,new_occasional
C00869,high_value_loyalist
C00870,high_value_loyalist
C00871,new_occasional
C00872,high_value_loyalist
C00873,at_risk_dormant
C00874,bargain_hunter
C00875,new_occasional
C00876,at_risk_dormant
C00877,bargain_hunter
C00878,bargain_hunter
C00879,new_occasional
C00880,new_occasional
C00881,bargain_hunter
C00882,new_occasional
C00883,at_risk_dormant
C00884,bargain_hunter
C00885,high_value_loyalist
C00886,bargain_hunter
C00887,bargain_hunter
C00888,high_value_loyalist
C00889,high_value_loyalist
C00890,new_occasional
C00891,bargain_hunter
C00892,at_risk_dormant
C00893,bargain_hunter
C00894,high_value_loyalist
C00895,new_occasional
C00896,at_risk_dormant
C00897,bargain_hunter
C00898,high_value_loyalist
C00899,high_value_loyalist
C00900,new_occasional
C00901,bargain_hunter
C00902,bargain_hunter
C00903,high_value_loyalist
C00904,bargain_hunter
C00905,at_risk_dormant
C00906,new_occasional
C00907,bargain_hunter
C00908,high_value_loyalist
C00909,bargain_hunter
C00910,bargain_hunter
C00911,new_occasional
C00912,at_risk_dormant
C00913,at_risk_dormant
C00914,at_risk_dormant
C00915,at_risk_dormant
C00916,at_risk_dormant
C00917,high_value_loyalist
C00918,high_value_loyalist
C00919,bargain_hunter
C00920,new_occasional
C00921,high_value_loyalist
C00922,at_risk_dormant
C00923,new_occasional
C00924,new_occasional
C00925,high_value_loyalist
C00926,bargain_hunter
C00927,high_value_loyalist
C00928,at_risk_dormant
C00929,new_occasional
C00930,new_occasional
C00931,bargain_hunter
C00932,bargain_hunter
C00933,bargain_hunter
C00934,new_occasional
C00935,new_occasional
C00936,high_value_loyalist
C00937,at_risk_dormant
C00938,high_value_loyalist
C00939,at_risk_dormant
C00940,high_value_loyalist
C00941,bargain_hunter
C00942,at_risk_dormant
C00943,high_value_loyalist
C00944,bargain_hunter
C00945,bargain_hunter
C00946,bargain_hunter
C00947,new_occasional
C00948,at_risk_dormant
C00949,at_risk_dormant
C00950,bargain_hunter
C00951,new_occasional
C00952,bargain_hunter
C00953,bargain_hunter
C00954,high_value_loyalist
C00955,at_risk_dormant
C00956,at_risk_dormant
C00957,new_occasional
C00958,bargain_hunter
C00959,bargain_hunter
C00960,new_occasional
C00961,new_occasional
C00962,bargain_hunter
C00963,high_value_loyalist
C00964,high_value_loyalist
C00965,at_risk_dormant
C00966,bargain_hunter
C00967,at_risk_dormant
C00968,high_value_loyalist
C00969,new_occasional
C00970,high_value_loyalist
C00971,bargain_hunter
C00972,high_value_loyalist
C00973,high_value_loyalist
C00974,at_risk_dormant
C00975,bargain_hunter
C00976,new_occasional
C00977,bargain_hunter
C00978,bargain_hunter
C00979,new_occasional
C00980,high_value_loyalist
C00981,at_risk_dormant
C00982,at_risk_dormant
C00983,new_occasional
C00984,bargain_hunter
C00985,high_value_loyalist
C00986,at_risk_dormant
C00987,bargain_hunter
C00988,high_value_loyalist
C00989,bargain_hunter
C00990,new_occasional
C00991,new_occasional
C00992,new_occasional
C00993,new_occasional
C00994,high_value_loyalist
C00995,at_risk_dormant
C00996,bargain_hunter
C00997,new_occasional
C00998,high_value_loyalist
C00999,at_risk_dormant
C01000,bargain_hunter
C01001,high_value_loyalist
C01002,bargain_hunter
C01003,high_value_loyalist
C01004,high_value_loyalist
C01005,new_occasional
C01006,bargain_hunter
C01007,at_risk_dormant
C01008,bargain_hunter
C01009,new_occasional
C01010,bargain_hunter
C01011,new_occasional
C01012,new_occasional
C01013,bargain_hunter
C01014,at_risk_dormant
C01015,bargain_hunter
C01016,high_value_loyalist
C01017,new_occasional
C01018,at_risk_dormant
C01019,high_value_loyalist
C01020,bargain_hunter
C01021,at_risk_dormant
C01022,new_occasional
C01023,at_risk_dormant
C01024,new_occasional
C01025,new_occasional
C01026,bargain_hunter
C01027,at_risk_dormant
C01028,bargain_hunter
C01029,new_occasional
C01030,bargain_hunter
C01031,new_occasional
C01032,new_occasional
C01033,bargain_hunter
C01034,at_risk_dormant
C01035,bargain_hunter
C01036,new_occasional
C01037,bargain_hunter
C01038,bargain_hunter
C01039,bargain_hunter
C01040,high_value_loyalist
C01041,high_value_loyalist
C01042,new_occasional
C01043,new_occasional
C01044,new_occasional
C01045,high_value_loyalist
C01046,bargain_hunter
C01047,high_value_loyalist
C01048,new_occasional
C01049,at_risk_dormant
C01050,bargain_hunter
C01051,new_occasional
C01052,high_value_loyalist
C01053,bargain_hunter
C01054,high_value_loyalist
C01055,bargain_hunter
C01056,new_occasional
C01057,at_risk_dormant
C01058,high_value_loyalist
C01059,new_occasional
C01060,new_occasional
C01061,at_risk_dormant
C01062,new_occasional
C01063,bargain_hunter
C01064,new_occasional
C01065,bargain_hunter
C01066,at_risk_dormant
C01067,bargain_hunter
C01068,new_occasional
C01069,high_value_loyalist
C01070,bargain_hunter
C01071,at_risk_dormant
C01072,new_occasional
C01073,bargain_hunter
C01074,at_risk_dormant
C01075,at_risk_dormant
C01076,bargain_hunter
C01077,new_occasional
C01078,bargain_hunter
C01079,new_occasional
C01080,bargain_hunter
C01081,bargain_hunter
C01082,at_risk_dormant
C01083,at_risk_dormant
C01084,at_risk_dormant
C01085,at_risk_dormant
C01086,new_occasional
C01087,new_occasional
C01088,new_occasional
C01089,bargain_hunter
C01090,bargain_hunter
C01091,bargain_hunter
C01092,new_occasional
C01093,bargain_hunter
C01094,bargain_hunter
C01095,new_occasional
C01096,bargain_hunter
C01097,high_value_loyalist
C01098,at_risk_dormant
C01099,at_risk_dormant
C01100,high_value_loyalist
C01101,high_value_loyalist
C01102,bargain_hunter
C01103,new_occasional
C01104,at_risk_dormant
C01105,high_value_loyalist
C01106,new_occasional
C01107,high_value_loyalist
C01108,bargain_hunter
C01109,at_risk_dormant
C01110,high_value_loyalist
C01111,high_value_loyalist
C01112,bargain_hunter
C01113,new_occasional
C01114,at_risk_dormant
C01115,at_risk_dormant
C01116,high_value_loyalist
C01117,high_value_loyalist
C01118,new_occasional
C01119,bargain_hunter
C01120,at_risk_dormant
C01121,new_occasional
C01122,high_value_loyalist
C01123,at_risk_dormant
C01124,high_value_loyalist
C01125,bargain_hunter
C01126,new_occasional
C01127,bargain_hunter
C01128,new_occasional
C01129,new_occasional
C01130,at_risk_dormant
C01131,at_risk_dormant
C01132,bargain_hunter
C01133,high_value_loyalist
C01134,new_occasional
C01135,at_risk_dormant
C01136,bargain_hunter
C01137,bargain_hunter
C01138,bargain_hunter
C01139,high_value_loyalist
C01140,new_occasional
C01141,bargain_hunter
C01142,new_occasional
C01143,at_risk_dormant
C01144,at_risk_dormant
C01145,bargain_hunter
C01146,bargain_hunter
C01147,new_occasional
C01148,at_risk_dormant
C01149,bargain_hunter
C01150,at_risk_dormant
C01151,high_value_loyalist
C01152,at_risk_dormant
C01153,high_value_loyalist
C01154,high_value_loyalist
C01155,new_occasional
C01156,high_value_loyalist
C01157,high_value_loyalist
C01158,high_value_loyalist
C01159,bargain_hunter
C01160,new_occasional
C01161,high_value_loyalist
C01162,new_occasional
C01163,at_risk_dormant
C01164,high_value_loyalist
C01165,high_value_loyalist
C01166,at_risk_dormant
C01167,at_risk_dormant
C01168,new_occasional
C01169,at_risk_dormant
C01170,high_value_loyalist
C01171,bargain_hunter
C01172,new_occasional
C01173,bargain_hunter
C01174,new_occasional
C01175,bargain_hunter
C01176,new_occasional
C01177,bargain_hunter
C01178,bargain_hunter
C01179,high_value_loyalist
C01180,high_value_loyalist
C01181,new_occasional
C01182,high_value_loyalist
C01183,high_value_loyalist
C01184,high_value_loyalist
C01185,high_value_loyalist
C01186,at_risk_dormant
C01187,bargain_hunter
C01188,at_risk_dormant
C01189,high_value_loyalist
C01190,new_occasional
C01191,bargain_hunter
C01192,bargain_hunter
C01193,at_risk_dormant
C01194,at_risk_dormant
C01195,at_risk_dormant
C01196,high_value_loyalist
C01197,bargain_hunter
C01198,new_occasional
C01199,bargain_hunter
C01200,new_occasional
C01201,new_occasional
C01202,new_occasional
C01203,at_risk_dormant
C01204,new_occasional
C01205,high_value_loyalist
C01206,high_value_loyalist
C01207,new_occasional
C01208,bargain_hunter
C01209,bargain_hunter
C01210,bargain_hunter
C01211,new_occasional
C01212,at_risk_dormant
C01213,new_occasional
C01214,bargain_hunter
C01215,bargain_hunter
C01216,new_occasional
C01217,bargain_hunter
C01218,new_occasional
C01219,new_occasional
C01220,high_value_loyalist
C01221,high_value_loyalist
C01222,high_value_loyalist
C01223,at_risk_dormant
C01224,new_occasional
C01225,high_value_loyalist
C01226,at_risk_dormant
C01227,bargain_hunter
C01228,bargain_hunter
C01229,at_risk_dormant
C01230,high_value_loyalist
C01231,high_value_loyalist
C01232,new_occasional
C01233,high_value_loyalist
C01234,new_occasional
C01235,high_value_loyalist
C01236,high_value_loyalist
C01237,high_value_loyalist
C01238,bargain_hunter
C01239,high_value_loyalist
C01240,high_value_loyalist
C01241,at_risk_dormant
C01242,bargain_hunter
C01243,bargain_hunter
C01244,high_value_loyalist
C01245,bargain_hunter
C01246,bargain_hunter
C01247,new_occasional
C01248,high_value_loyalist
C01249,at_risk_dormant
C01250,at_risk_dormant
C01251,high_value_loyalist
C01252,high_value_loyalist
C01253,high_value_loyalist
C01254,new_occasional
C01255,high_value_loyalist
C01256,at_risk_dormant
C01257,new_occasional
C01258,at_risk_dormant
C01259,new_occasional
C01260,at_risk_dormant
C01261,high_value_loyalist
C01262,bargain_hunter
C01263,bargain_hunter
C01264,at_risk_dormant
C01265,new_occasional
C01266,at_risk_dormant
C01267,high_value_loyalist
C01268,at_risk_dormant
C01269,bargain_hunter
C01270,bargain_hunter
C01271,at_risk_dormant
C01272,bargain_hunter
C01273,bargain_hunter
C01274,new_occasional
C01275,high_value_loyalist
C01276,bargain_hunter
C01277,high_value_loyalist
C01278,high_value_loyalist
C01279,at_risk_dormant
C01280,new_occasional
C01281,bargain_hunter
C01282,bargain_hunter
C01283,bargain_hunter
C01284,new_occasional
C01285,at_risk_dormant
C01286,at_risk_dormant
C01287,bargain_hunter
C01288,bargain_hunter
C01289,bargain_hunter
C01290,new_occasional
C01291,bargain_hunter
C01292,new_occasional
C01293,new_occasional
C01294,bargain_hunter
C01295,bargain_hunter
C01296,bargain_hunter
C01297,high_value_loyalist
C01298,high_value_loyalist
C01299,new_occasional
C01300,bargain_hunter
C01301,high_value_loyalist
C01302,new_occasional
C01303,new_occasional
C01304,bargain_hunter
C01305,at_risk_dormant
C01306,at_risk_dormant
C01307,new_occasional
C01308,new_occasional
C01309,high_value_loyalist
C01310,at_risk_dormant
C01311,bargain_hunter
C01312,at_risk_dormant
C01313,new_occasional
C01314,high_value_loyalist
C01315,high_value_loyalist
C01316,new_occasional
C01317,new_occasional
C01318,high_value_loyalist
C01319,new_occasional
C01320,at_risk_dormant
C01321,bargain_hunter
C01322,bargain_hunter
C01323,high_value_loyalist
C01324,new_occasional
C01325,bargain_hunter
C01326,at_risk_dormant
C01327,bargain_hunter
C01328,new_occasional
C01329,bargain_hunter
C01330,high_value_loyalist
C01331,new_occasional
C01332,bargain_hunter
C01333,new_occasional
C01334,at_risk_dormant
C01335,at_risk_dormant
C01336,at_risk_dormant
C01337,high_value_loyalist
C01338,new_occasional
C01339,at_risk_dormant
C01340,bargain_hunter
C01341,high_value_loyalist
C01342,at_risk_dormant
C01343,bargain_hunter
C01344,new_occasional
C01345,at_risk_dormant
C01346,new_occasional
C01347,bargain_hunter
C01348,bargain_hunter
C01349,bargain_hunter
C01350,high_value_loyalist
C01351,new_occasional
C01352,at_risk_dormant
C01353,bargain_hunter
C01354,bargain_hunter
C01355,at_risk_dormant
C01356,high_value_loyalist
C01357,new_occasional
C01358,bargain_hunter
C01359,new_occasional
C01360,high_value_loyalist
C01361,new_occasional
C01362,bargain_hunter
C01363,new_occasional
C01364,high_value_loyalist
C01365,bargain_hunter
C01366,new_occasional
C01367,high_value_loyalist
C01368,high_value_loyalist
C01369,high_value_loyalist
C01370,bargain_hunter
C01371,high_value_loyalist
C01372,at_risk_dormant
C01373,bargain_hunter
C01374,at_risk_dormant
C01375,at_risk_dormant
C01376,high_value_loyalist
C01377,new_occasional
C01378,at_risk_dormant
C01379,new_occasional
C01380,bargain_hunter
C01381,bargain_hunter
C01382,high_value_loyalist
C01383,new_occasional
C01384,at_risk_dormant
C01385,at_risk_dormant
C01386,high_value_loyalist
C01387,new_occasional
C01388,bargain_hunter
C01389,at_risk_dormant
C01390,high_value_loyalist
C01391,at_risk_dormant
C01392,at_risk_dormant
C01393,high_value_loyalist
C01394,high_value_loyalist
C01395,at_risk_dormant
C01396,high_value_loyalist
C01397,new_occasional
C01398,at_risk_dormant
C01399,new_occasional
C01400,bargain_hunter
C01401,bargain_hunter
C01402,high_value_loyalist
C01403,at_risk_dormant
C01404,bargain_hunter
C01405,high_value_loyalist
C01406,bargain_hunter
C01407,at_risk_dormant
C01408,high_value_loyalist
C01409,at_risk_dormant
C01410,new_occasional
C01411,at_risk_dormant
C01412,at_risk_dormant
C01413,at_risk_dormant
C01414,at_risk_dormant
C01415,high_value_loyalist
C01416,new_occasional
C01417,new_occasional
C01418,new_occasional
C01419,at_risk_dormant
C01420,at_risk_dormant
C01421,new_occasional
C01422,bargain_hunter
C01423,bargain_hunter
C01424,bargain_hunter
C01425,bargain_hunter
C01426,bargain_hunter
C01427,high_value_loyalist
C01428,high_value_loyalist
C01429,new_occasional
C01430,bargain_hunter
C01431,at_risk_dormant
C01432,new_occasional
C01433,high_value_loyalist
C01434,high_value_loyalist
C01435,high_value_loyalist
C01436,at_risk_dormant
C01437,high_value_loyalist
C01438,bargain_hunter
C01439,at_risk_dormant
C01440,at_risk_dormant
C01441,bargain_hunter
C01442,high_value_loyalist
C01443,high_value_loyalist
C01444,high_value_loyalist
C01445,high_value_loyalist
C01446,new_occasional
C01447,at_risk_dormant
C01448,new_occasional
C01449,new_occasional
C01450,high_value_loyalist
C01451,at_risk_dormant
C01452,new_occasional
C01453,at_risk_dormant
C01454,at_risk_dormant
C01455,bargain_hunter
C01456,high_value_loyalist
C01457,bargain_hunter
C01458,bargain_hunter
C01459,at_risk_dormant
C01460,bargain_hunter
C01461,new_occasional
C01462,new_occasional
C01463,high_value_loyalist
C01464,bargain_hunter
C01465,new_occasional
C01466,new_occasional
C01467,bargain_hunter
C01468,bargain_hunter
C01469,new_occasional
C01470,high_value_loyalist
C01471,at_risk_dormant
C01472,high_value_loyalist
C01473,high_value_loyalist
C01474,bargain_hunter
C01475,bargain_hunter
C01476,bargain_hunter
C01477,bargain_hunter
C01478,at_risk_dormant
C01479,bargain_hunter
C01480,bargain_hunter
C01481,bargain_hunter
C01482,high_value_loyalist
C01483,new_occasional
C01484,bargain_hunter
C01485,new_occasional
C01486,high_value_loyalist
C01487,at_risk_dormant
C01488,bargain_hunter
C01489,at_risk_dormant
C01490,bargain_hunter
C01491,high_value_loyalist
C01492,at_risk_dormant
C01493,new_occasional
C01494,new_occasional
C01495,bargain_hunter
C01496,new_occasional
C01497,at_risk_dormant
C01498,new_occasional
C01499,bargain_hunter
C01500,new_occasional
C01501,new_occasional
C01502,at_risk_dormant
C01503,bargain_hunter
C01504,bargain_hunter
C01505,at_risk_dormant
C01506,bargain_hunter
C01507,new_occasional
C01508,bargain_hunter
C01509,high_value_loyalist
C01510,new_occasional
C01511,high_value_loyalist
C01512,high_value_loyalist
C01513,new_occasional
C01514,new_occasional
C01515,at_risk_dormant
C01516,bargain_hunter
C01517,high_value_loyalist
C01518,at_risk_dormant
C01519,high_value_loyalist
C01520,high_value_loyalist
C01521,bargain_hunter
C01522,new_occasional
C01523,at_risk_dormant
C01524,new_occasional
C01525,new_occasional
C01526,high_value_loyalist
C01527,bargain_hunter
C01528,bargain_hunter
C01529,high_value_loyalist
C01530,bargain_hunter
C01531,bargain_hunter
C01532,high_value_loyalist
C01533,new_occasional
C01534,new_occasional
C01535,high_value_loyalist
C01536,bargain_hunter
C01537,new_occasional
C01538,new_occasional
C01539,at_risk_dormant
C01540,bargain_hunter
C01541,at_risk_dormant
C01542,bargain_hunter
C01543,bargain_hunter
C01544,high_value_loyalist
C01545,bargain_hunter
C01546,bargain_hunter
C01547,bargain_hunter
C01548,new_occasional
C01549,bargain_hunter
C01550,bargain_hunter
C01551,high_value_loyalist
C01552,bargain_hunter
C01553,bargain_hunter
C01554,bargain_hunter
C01555,bargain_hunter
C01556,new_occasional
C01557,at_risk_dormant
C01558,bargain_hunter
C01559,new_occasional
C01560,at_risk_dormant
C01561,at_risk_dormant
C01562,new_occasional
C01563,at_risk_dormant
C01564,at_risk_dormant
C01565,new_occasional
C01566,bargain_hunter
C01567,high_value_loyalist
C01568,high_value_loyalist
C01569,bargain_hunter
C01570,bargain_hunter
C01571,bargain_hunter
C01572,new_occasional
C01573,new_occasional
C01574,at_risk_dormant
C01575,high_value_loyalist
C01576,bargain_hunter
C01577,new_occasional
C01578,at_risk_dormant
C01579,at_risk_dormant
C01580,at_risk_dormant
C01581,at_risk_dormant
C01582,bargain_hunter
C01583,bargain_hunter
C01584,bargain_hunter
C01585,new_occasional
C01586,at_risk_dormant
C01587,bargain_hunter
C01588,new_occasional
C01589,bargain_hunter
C01590,high_value_loyalist
C01591,high_value_loyalist
C01592,high_value_loyalist
C01593,at_risk_dormant
C01594,bargain_hunter
C01595,at_risk_dormant
C01596,new_occasional
C01597,high_value_loyalist
C01598,high_value_loyalist
C01599,at_risk_dormant
C01600,bargain_hunter
C01601,at_risk_dormant
C01602,high_value_loyalist
C01603,new_occasional
C01604,at_risk_dormant
C01605,bargain_hunter
C01606,bargain_hunter
C01607,at_risk_dormant
C01608,bargain_hunter
C01609,bargain_hunter
C01610,bargain_hunter
C01611,bargain_hunter
C01612,new_occasional
C01613,new_occasional
C01614,bargain_hunter
C01615,at_risk_dormant
C01616,high_value_loyalist
C01617,high_value_loyalist
C01618,new_occasional
C01619,at_risk_dormant
C01620,high_value_loyalist
C01621,high_value_loyalist
C01622,bargain_hunter
C01623,at_risk_dormant
C01624,high_value_loyalist
C01625,bargain_hunter
C01626,new_occasional
C01627,bargain_hunter
C01628,high_value_loyalist
C01629,high_value_loyalist
C01630,bargain_hunter
C01631,bargain_hunter
C01632,at_risk_dormant
C01633,new_occasional
C01634,new_occasional
C01635,at_risk_dormant
C01636,bargain_hunter
C01637,bargain_hunter
C01638,at_risk_dormant
C01639,bargain_hunter
C01640,new_occasional
C01641,new_occasional
C01642,high_value_loyalist
C01643,bargain_hunter
C01644,high_value_loyalist
C01645,high_value_loyalist
C01646,bargain_hunter
C01647,bargain_hunter
C01648,new_occasional
C01649,at_risk_dormant
C01650,at_risk_dormant
C01651,bargain_hunter
C01652,bargain_hunter
C01653,bargain_hunter
C01654,high_value_loyalist
C01655,at_risk_dormant
C01656,bargain_hunter
C01657,bargain_hunter
C01658,at_risk_dormant
C01659,bargain_hunter
C01660,high_value_loyalist
C01661,high_value_loyalist
C01662,new_occasional
C01663,new_occasional
C01664,high_value_loyalist
C01665,at_risk_dormant
C01666,at_risk_dormant
C01667,at_risk_dormant
C01668,bargain_hunter
C01669,high_value_loyalist
C01670,at_risk_dormant
C01671,bargain_hunter
C01672,new_occasional
C01673,new_occasional
C01674,high_value_loyalist
C01675,new_occasional
C01676,at_risk_dormant
C01677,new_occasional
C01678,bargain_hunter
C01679,at_risk_dormant
C01680,new_occasional
C01681,new_occasional
C01682,at_risk_dormant
C01683,new_occasional
C01684,bargain_hunter
C01685,high_value_loyalist
C01686,bargain_hunter
C01687,bargain_hunter
C01688,bargain_hunter
C01689,new_occasional
C01690,bargain_hunter
C01691,new_occasional
C01692,at_risk_dormant
C01693,bargain_hunter
C01694,new_occasional
C01695,new_occasional
C01696,new_occasional
C01697,high_value_loyalist
C01698,new_occasional
C01699,at_risk_dormant
C01700,new_occasional
C01701,at_risk_dormant
C01702,at_risk_dormant
C01703,bargain_hunter
C01704,new_occasional
C01705,bargain_hunter
C01706,at_risk_dormant
C01707,high_value_loyalist
C01708,bargain_hunter
C01709,at_risk_dormant
C01710,bargain_hunter
C01711,new_occasional
C01712,bargain_hunter
C01713,at_risk_dormant
C01714,at_risk_dormant
C01715,bargain_hunter
C01716,new_occasional
C01717,bargain_hunter
C01718,new_occasional
C01719,new_occasional
C01720,at_risk_dormant
C01721,high_value_loyalist
C01722,bargain_hunter
C01723,new_occasional
C01724,new_occasional
C01725,bargain_hunter
C01726,high_value_loyalist
C01727,bargain_hunter
C01728,at_risk_dormant
C01729,high_value_loyalist
C01730,bargain_hunter
C01731,at_risk_dormant
C01732,high_value_loyalist
C01733,new_occasional
C01734,bargain_hunter
C01735,at_risk_dormant
C01736,new_occasional
C01737,at_risk_dormant
C01738,high_value_loyalist
C01739,new_occasional
C01740,new_occasional
C01741,bargain_hunter
C01742,bargain_hunter
C01743,high_value_loyalist
C01744,at_risk_dormant
C01745,new_occasional
C01746,new_occasional
C01747,new_occasional
C01748,new_occasional
C01749,bargain_hunter
C01750,bargain_hunter
C01751,new_occasional
C01752,high_value_loyalist
C01753,at_risk_dormant
C01754,at_risk_dormant
C01755,bargain_hunter
C01756,new_occasional
C01757,high_value_loyalist
C01758,at_risk_dormant
C01759,at_risk_dormant
C01760,at_risk_dormant
C01761,bargain_hunter
C01762,high_value_loyalist
C01763,high_value_loyalist
C01764,high_value_loyalist
C01765,high_value_loyalist
C01766,high_value_loyalist
C01767,at_risk_dormant
C01768,high_value_loyalist
C01769,high_value_loyalist
C01770,at_risk_dormant
C01771,new_occasional
C01772,new_occasional
C01773,new_occasional
C01774,at_risk_dormant
C01775,new_occasional
C01776,new_occasional
C01777,new_occasional
C01778,bargain_hunter
C01779,bargain_hunter
C01780,bargain_hunter
C01781,high_value_loyalist
C01782,new_occasional
C01783,bargain_hunter
C01784,high_value_loyalist
C01785,bargain_hunter
C01786,at_risk_dormant
C01787,bargain_hunter
C01788,new_occasional
C01789,at_risk_dormant
C01790,high_value_loyalist
C01791,new_occasional
C01792,bargain_hunter
C01793,high_value_loyalist
C01794,new_occasional
C01795,at_risk_dormant
C01796,bargain_hunter
C01797,new_occasional
C01798,bargain_hunter
C01799,new_occasional
C01800,new_occasional
C01801,new_occasional
C01802,new_occasional
C01803,high_value_loyalist
C01804,new_occasional
C01805,new_occasional
C01806,new_occasional
C01807,high_value_loyalist
C01808,bargain_hunter
C01809,bargain_hunter
C01810,high_value_loyalist
C01811,bargain_hunter
C01812,bargain_hunter
C01813,new_occasional
C01814,bargain_hunter
C01815,at_risk_dormant
C01816,new_occasional
C01817,new_occasional
C01818,bargain_hunter
C01819,bargain_hunter
C01820,new_occasional
C01821,at_risk_dormant
C01822,bargain_hunter
C01823,new_occasional
C01824,new_occasional
C01825,new_occasional
C01826,high_value_loyalist
C01827,bargain_hunter
C01828,bargain_hunter
C01829,at_risk_dormant
C01830,bargain_hunter
C01831,bargain_hunter
C01832,at_risk_dormant
C01833,bargain_hunter
C01834,high_value_loyalist
C01835,high_value_loyalist
C01836,high_value_loyalist
C01837,high_value_loyalist
C01838,bargain_hunter
C01839,new_occasional
C01840,new_occasional
C01841,high_value_loyalist
C01842,new_occasional
C01843,high_value_loyalist
C01844,at_risk_dormant
C01845,high_value_loyalist
C01846,new_occasional
C01847,bargain_hunter
C01848,new_occasional
C01849,bargain_hunter
C01850,new_occasional
C01851,bargain_hunter
C01852,at_risk_dormant
C01853,bargain_hunter
C01854,new_occasional
C01855,at_risk_dormant
C01856,at_risk_dormant
C01857,bargain_hunter
C01858,bargain_hunter
C01859,bargain_hunter
C01860,bargain_hunter
C01861,new_occasional
C01862,at_risk_dormant
C01863,at_risk_dormant
C01864,new_occasional
C01865,new_occasional
C01866,at_risk_dormant
C01867,at_risk_dormant
C01868,high_value_loyalist
C01869,new_occasional
C01870,at_risk_dormant
C01871,bargain_hunter
C01872,bargain_hunter
C01873,at_risk_dormant
C01874,at_risk_dormant
C01875,at_risk_dormant
C01876,new_occasional
C01877,bargain_hunter
C01878,bargain_hunter
C01879,new_occasional
C01880,new_occasional
C01881,bargain_hunter
C01882,new_occasional
C01883,bargain_hunter
C01884,new_occasional
C01885,bargain_hunter
C01886,bargain_hunter
C01887,high_value_loyalist
C01888,high_value_loyalist
C01889,at_risk_dormant
C01890,bargain_hunter
C01891,bargain_hunter
C01892,new_occasional
C01893,new_occasional
C01894,high_value_loyalist
C01895,bargain_hunter
C01896,high_value_loyalist
C01897,new_occasional
C01898,bargain_hunter
C01899,high_value_loyalist
C01900,high_value_loyalist
C01901,new_occasional
C01902,high_value_loyalist
C01903,at_risk_dormant
C01904,high_value_loyalist
C01905,new_occasional
C01906,bargain_hunter
C01907,bargain_hunter
C01908,high_value_loyalist
C01909,at_risk_dormant
C01910,at_risk_dormant
C01911,high_value_loyalist
C01912,high_value_loyalist
C01913,at_risk_dormant
C01914,new_occasional
C01915,high_value_loyalist
C01916,high_value_loyalist
C01917,new_occasional
C01918,new_occasional
C01919,new_occasional
C01920,at_risk_dormant
C01921,bargain_hunter
C01922,bargain_hunter
C01923,bargain_hunter
C01924,bargain_hunter
C01925,bargain_hunter
C01926,high_value_loyalist
C01927,bargain_hunter
C01928,new_occasional
C01929,high_value_loyalist
C01930,bargain_hunter
C01931,new_occasional
C01932,new_occasional
C01933,new_occasional
C01934,at_risk_dormant
C01935,new_occasional
C01936,high_value_loyalist
C01937,bargain_hunter
C01938,new_occasional
C01939,bargain_hunter
C01940,high_value_loyalist
C01941,bargain_hunter
C01942,bargain_hunter
C01943,bargain_hunter
C01944,high_value_loyalist
C01945,at_risk_dormant
C01946,at_risk_dormant
C01947,high_value_loyalist
C01948,at_risk_dormant
C01949,high_value_loyalist
C01950,at_risk_dormant
C01951,at_risk_dormant
C01952,high_value_loyalist
C01953,new_occasional
C01954,at_risk_dormant
C01955,at_risk_dormant
C01956,at_risk_dormant
C01957,new_occasional
C01958,high_value_loyalist
C01959,at_risk_dormant
C01960,new_occasional
C01961,new_occasional
C01962,bargain_hunter
C01963,new_occasional
C01964,high_value_loyalist
C01965,new_occasional
C01966,high_value_loyalist
C01967,new_occasional
C01968,at_risk_dormant
C01969,bargain_hunter
C01970,bargain_hunter
C01971,bargain_hunter
C01972,at_risk_dormant
C01973,new_occasional
C01974,bargain_hunter
C01975,high_value_loyalist
C01976,high_value_loyalist
C01977,bargain_hunter
C01978,at_risk_dormant
C01979,new_occasional
C01980,high_value_loyalist
C01981,at_risk_dormant
C01982,bargain_hunter
C01983,at_risk_dormant
C01984,bargain_hunter
C01985,new_occasional
C01986,at_risk_dormant
C01987,bargain_hunter
C01988,new_occasional
C01989,at_risk_dormant
C01990,high_value_loyalist
C01991,high_value_loyalist
C01992,new_occasional
C01993,bargain_hunter
C01994,high_value_loyalist
C01995,bargain_hunter
C01996,new_occasional
C01997,bargain_hunter
C01998,bargain_hunter
C01999,at_risk_dormant
C02000,new_occasional
C02001,at_risk_dormant
C02002,bargain_hunter
C02003,at_risk_dormant
C02004,new_occasional
C02005,high_value_loyalist
C02006,at_risk_dormant
C02007,bargain_hunter
C02008,high_value_loyalist
C02009,high_value_loyalist
C02010,new_occasional
C02011,high_value_loyalist
C02012,bargain_hunter
C02013,high_value_loyalist
C02014,bargain_hunter
C02015,bargain_hunter
C02016,new_occasional
C02017,bargain_hunter
C02018,high_value_loyalist
C02019,new_occasional
C02020,bargain_hunter
C02021,new_occasional
C02022,high_value_loyalist
C02023,high_value_loyalist
C02024,bargain_hunter
C02025,bargain_hunter
C02026,bargain_hunter
C02027,at_risk_dormant
C02028,bargain_hunter
C02029,new_occasional
C02030,new_occasional
C02031,high_value_loyalist
C02032,bargain_hunter
C02033,bargain_hunter
C02034,bargain_hunter
C02035,high_value_loyalist
C02036,new_occasional
C02037,at_risk_dormant
C02038,high_value_loyalist
C02039,new_occasional
C02040,new_occasional
C02041,bargain_hunter
C02042,new_occasional
C02043,new_occasional
C02044,at_risk_dormant
C02045,at_risk_dormant
C02046,high_value_loyalist
C02047,bargain_hunter
C02048,new_occasional
C02049,high_value_loyalist
C02050,bargain_hunter
C02051,at_risk_dormant
C02052,high_value_loyalist
C02053,bargain_hunter
C02054,at_risk_dormant
C02055,bargain_hunter
C02056,bargain_hunter
C02057,at_risk_dormant
C02058,bargain_hunter
C02059,high_value_loyalist
C02060,high_value_loyalist
C02061,at_risk_dormant
C02062,bargain_hunter
C02063,bargain_hunter
C02064,high_value_loyalist
C02065,bargain_hunter
C02066,at_risk_dormant
C02067,bargain_hunter
C02068,at_risk_dormant
C02069,bargain_hunter
C02070,bargain_hunter
C02071,at_risk_dormant
C02072,bargain_hunter
C02073,bargain_hunter
C02074,at_risk_dormant
C02075,bargain_hunter
C02076,new_occasional
C02077,at_risk_dormant
C02078,high_value_loyalist
C02079,bargain_hunter
C02080,high_value_loyalist
C02081,bargain_hunter
C02082,high_value_loyalist
C02083,new_occasional
C02084,high_value_loyalist
C02085,new_occasional
C02086,bargain_hunter
C02087,bargain_hunter
C02088,bargain_hunter
C02089,new_occasional
C02090,bargain_hunter
C02091,bargain_hunter
C02092,at_risk_dormant
C02093,new_occasional
C02094,high_value_loyalist
C02095,at_risk_dormant
C02096,bargain_hunter
C02097,high_value_loyalist
C02098,bargain_hunter
C02099,high_value_loyalist
C02100,bargain_hunter
C02101,new_occasional
C02102,high_value_loyalist
C02103,at_risk_dormant
C02104,at_risk_dormant
C02105,new_occasional
C02106,new_occasional
C02107,new_occasional
C02108,at_risk_dormant
C02109,bargain_hunter
C02110,high_value_loyalist
C02111,bargain_hunter
C02112,new_occasional
C02113,high_value_loyalist
C02114,new_occasional
C02115,high_value_loyalist
C02116,at_risk_dormant
C02117,bargain_hunter
C02118,high_value_loyalist
C02119,high_value_loyalist
C02120,bargain_hunter
C02121,bargain_hunter
C02122,high_value_loyalist
C02123,bargain_hunter
C02124,high_value_loyalist
C02125,bargain_hunter
C02126,bargain_hunter
C02127,bargain_hunter
C02128,bargain_hunter
C02129,high_value_loyalist
C02130,high_value_loyalist
C02131,high_value_loyalist
C02132,new_occasional
C02133,at_risk_dormant
C02134,at_risk_dormant
C02135,bargain_hunter
C02136,new_occasional
C02137,bargain_hunter
C02138,new_occasional
C02139,new_occasional
C02140,at_risk_dormant
C02141,at_risk_dormant
C02142,bargain_hunter
C02143,new_occasional
C02144,at_risk_dormant
C02145,bargain_hunter
C02146,at_risk_dormant
C02147,high_value_loyalist
C02148,at_risk_dormant
C02149,new_occasional
C02150,high_value_loyalist
C02151,new_occasional
C02152,high_value_loyalist
C02153,new_occasional
C02154,new_occasional
C02155,new_occasional
C02156,at_risk_dormant
C02157,high_value_loyalist
C02158,bargain_hunter
C02159,bargain_hunter
C02160,high_value_loyalist
C02161,bargain_hunter
C02162,bargain_hunter
C02163,bargain_hunter
C02164,bargain_hunter
C02165,at_risk_dormant
C02166,bargain_hunter
C02167,at_risk_dormant
C02168,bargain_hunter
C02169,bargain_hunter
C02170,bargain_hunter
C02171,bargain_hunter
C02172,bargain_hunter
C02173,bargain_hunter
C02174,high_value_loyalist
C02175,bargain_hunter
C02176,new_occasional
C02177,bargain_hunter
C02178,at_risk_dormant
C02179,bargain_hunter
C02180,at_risk_dormant
C02181,new_occasional
C02182,at_risk_dormant
C02183,at_risk_dormant
C02184,high_value_loyalist
C02185,new_occasional
C02186,high_value_loyalist
C02187,at_risk_dormant
C02188,new_occasional
C02189,bargain_hunter
C02190,at_risk_dormant
C02191,high_value_loyalist
C02192,new_occasional
C02193,new_occasional
C02194,high_value_loyalist
C02195,new_occasional
C02196,at_risk_dormant
C02197,high_value_loyalist
C02198,bargain_hunter
C02199,bargain_hunter
C02200,new_occasional
C02201,high_value_loyalist
C02202,at_risk_dormant
C02203,at_risk_dormant
C02204,high_value_loyalist
C02205,bargain_hunter
C02206,new_occasional
C02207,new_occasional
C02208,bargain_hunter
C02209,high_value_loyalist
C02210,high_value_loyalist
C02211,at_risk_dormant
C02212,bargain_hunter
C02213,at_risk_dormant
C02214,bargain_hunter
C02215,at_risk_dormant
C02216,high_value_loyalist
C02217,high_value_loyalist
C02218,at_risk_dormant
C02219,at_risk_dormant
C02220,bargain_hunter
C02221,bargain_hunter
C02222,bargain_hunter
C02223,bargain_hunter
C02224,high_value_loyalist
C02225,at_risk_dormant
C02226,bargain_hunter
C02227,new_occasional
C02228,high_value_loyalist
C02229,high_value_loyalist
C02230,new_occasional
C02231,bargain_hunter
C02232,new_occasional
C02233,high_value_loyalist
C02234,at_risk_dormant
C02235,new_occasional
C02236,at_risk_dormant
C02237,high_value_loyalist
C02238,bargain_hunter
C02239,bargain_hunter
C02240,new_occasional
C02241,bargain_hunter
C02242,high_value_loyalist
C02243,bargain_hunter
C02244,bargain_hunter
C02245,bargain_hunter
C02246,high_value_loyalist
C02247,bargain_hunter
C02248,new_occasional
C02249,bargain_hunter
C02250,bargain_hunter
C02251,new_occasional
C02252,new_occasional
C02253,bargain_hunter
C02254,new_occasional
C02255,at_risk_dormant
C02256,new_occasional
C02257,at_risk_dormant
C02258,new_occasional
C02259,high_value_loyalist
C02260,bargain_hunter
C02261,new_occasional
C02262,at_risk_dormant
C02263,bargain_hunter
C02264,high_value_loyalist
C02265,new_occasional
C02266,high_value_loyalist
C02267,new_occasional
C02268,bargain_hunter
C02269,new_occasional
C02270,at_risk_dormant
C02271,new_occasional
C02272,new_occasional
C02273,new_occasional
C02274,at_risk_dormant
C02275,at_risk_dormant
C02276,high_value_loyalist
C02277,new_occasional
C02278,high_value_loyalist
C02279,at_risk_dormant
C02280,new_occasional
C02281,bargain_hunter
C02282,high_value_loyalist
C02283,bargain_hunter
C02284,new_occasional
C02285,high_value_loyalist
C02286,high_value_loyalist
C02287,at_risk_dormant
C02288,new_occasional
C02289,high_value_loyalist
C02290,bargain_hunter
C02291,at_risk_dormant
C02292,new_occasional
C02293,new_occasional
C02294,bargain_hunter
C02295,bargain_hunter
C02296,high_value_loyalist
C02297,new_occasional
C02298,high_value_loyalist
C02299,high_value_loyalist
C02300,new_occasional
C02301,at_risk_dormant
C02302,new_occasional
C02303,bargain_hunter
C02304,bargain_hunter
C02305,bargain_hunter
C02306,bargain_hunter
C02307,new_occasional
C02308,bargain_hunter
C02309,new_occasional
C02310,at_risk_dormant
C02311,at_risk_dormant
C02312,high_value_loyalist
C02313,bargain_hunter
C02314,high_value_loyalist
C02315,bargain_hunter
C02316,bargain_hunter
C02317,high_value_loyalist
C02318,new_occasional
C02319,bargain_hunter
C02320,at_risk_dormant
C02321,high_value_loyalist
C02322,high_value_loyalist
C02323,bargain_hunter
C02324,high_value_loyalist
C02325,bargain_hunter
C02326,at_risk_dormant
C02327,high_value_loyalist
C02328,high_value_loyalist
C02329,new_occasional
C02330,bargain_hunter
C02331,new_occasional
C02332,bargain_hunter
C02333,at_risk_dormant
C02334,high_value_loyalist
C02335,bargain_hunter
C02336,new_occasional
C02337,at_risk_dormant
C02338,bargain_hunter
C02339,new_occasional
C02340,high_value_loyalist
C02341,high_value_loyalist
C02342,high_value_loyalist
C02343,new_occasional
C02344,bargain_hunter
C02345,new_occasional
C02346,high_value_loyalist
C02347,at_risk_dormant
C02348,at_risk_dormant
C02349,high_value_loyalist
C02350,high_value_loyalist
C02351,high_value_loyalist
C02352,at_risk_dormant
C02353,bargain_hunter
C02354,new_occasional
C02355,bargain_hunter
C02356,new_occasional
C02357,bargain_hunter
C02358,bargain_hunter
C02359,at_risk_dormant
C02360,high_value_loyalist
C02361,at_risk_dormant
C02362,high_value_loyalist
C02363,bargain_hunter
C02364,at_risk_dormant
C02365,new_occasional
C02366,new_occasional
C02367,bargain_hunter
C02368,bargain_hunter
C02369,bargain_hunter
C02370,new_occasional
C02371,bargain_hunter
C02372,bargain_hunter
C02373,bargain_hunter
C02374,bargain_hunter
C02375,bargain_hunter
C02376,high_value_loyalist
C02377,at_risk_dormant
C02378,new_occasional
C02379,high_value_loyalist
C02380,new_occasional
C02381,at_risk_dormant
C02382,bargain_hunter
C02383,high_value_loyalist
C02384,high_value_loyalist
C02385,high_value_loyalist
C02386,new_occasional
C02387,at_risk_dormant
C02388,high_value_loyalist
C02389,new_occasional
C02390,high_value_loyalist
C02391,new_occasional
C02392,new_occasional
C02393,bargain_hunter
C02394,high_value_loyalist
C02395,new_occasional
C02396,at_risk_dormant
C02397,bargain_hunter
C02398,high_value_loyalist
C02399,high_value_loyalist
C02400,new_occasional
C02401,new_occasional
C02402,new_occasional
C02403,new_occasional
C02404,at_risk_dormant
C02405,at_risk_dormant
C02406,bargain_hunter
C02407,new_occasional
C02408,bargain_hunter
C02409,bargain_hunter
C02410,at_risk_dormant
C02411,new_occasional
C02412,at_risk_dormant
C02413,bargain_hunter
C02414,new_occasional
C02415,bargain_hunter
C02416,high_value_loyalist
C02417,bargain_hunter
C02418,new_occasional
C02419,high_value_loyalist
C02420,at_risk_dormant
C02421,high_value_loyalist
C02422,high_value_loyalist
C02423,new_occasional
C02424,high_value_loyalist
C02425,at_risk_dormant
C02426,new_occasional
C02427,high_value_loyalist
C02428,new_occasional
C02429,new_occasional
C02430,new_occasional
C02431,at_risk_dormant
C02432,new_occasional
C02433,new_occasional
C02434,bargain_hunter
C02435,new_occasional
C02436,at_risk_dormant
C02437,new_occasional
C02438,new_occasional
C02439,bargain_hunter
C02440,new_occasional
C02441,at_risk_dormant
C02442,high_value_loyalist
C02443,high_value_loyalist
C02444,new_occasional
C02445,bargain_hunter
C02446,new_occasional
C02447,high_value_loyalist
C02448,bargain_hunter
C02449,new_occasional
C02450,new_occasional
C02451,new_occasional
C02452,new_occasional
C02453,new_occasional
C02454,new_occasional
C02455,new_occasional
C02456,new_occasional
C02457,new_occasional
C02458,high_value_loyalist
C02459,bargain_hunter
C02460,new_occasional
C02461,at_risk_dormant
C02462,new_occasional
C02463,high_value_loyalist
C02464,new_occasional
C02465,bargain_hunter
C02466,new_occasional
C02467,at_risk_dormant
C02468,new_occasional
C02469,new_occasional
C02470,bargain_hunter
C02471,bargain_hunter
C02472,at_risk_dormant
C02473,new_occasional
C02474,bargain_hunter
C02475,bargain_hunter
C02476,high_value_loyalist
C02477,high_value_loyalist
C02478,high_value_loyalist
C02479,bargain_hunter
C02480,at_risk_dormant
C02481,bargain_hunter
C02482,bargain_hunter
C02483,high_value_loyalist
C02484,bargain_hunter
C02485,at_risk_dormant
C02486,bargain_hunter
C02487,new_occasional
C02488,at_risk_dormant
C02489,high_value_loyalist
C02490,new_occasional
C02491,at_risk_dormant
C02492,bargain_hunter
C02493,high_value_loyalist
C02494,at_risk_dormant
C02495,at_risk_dormant
C02496,new_occasional
C02497,new_occasional
C02498,high_value_loyalist
C02499,at_risk_dormant
C02500,bargain_hunter
C02501,high_value_loyalist
C02502,new_occasional
C02503,at_risk_dormant
C02504,at_risk_dormant
C02505,bargain_hunter
C02506,high_value_loyalist
C02507,at_risk_dormant
C02508,at_risk_dormant
C02509,new_occasional
C02510,new_occasional
C02511,bargain_hunter
C02512,bargain_hunter
C02513,high_value_loyalist
C02514,high_value_loyalist
C02515,bargain_hunter
C02516,at_risk_dormant
C02517,high_value_loyalist
C02518,bargain_hunter
C02519,new_occasional
C02520,high_value_loyalist
C02521,high_value_loyalist
C02522,new_occasional
C02523,bargain_hunter
C02524,new_occasional
C02525,at_risk_dormant
C02526,high_value_loyalist
C02527,at_risk_dormant
C02528,at_risk_dormant
C02529,at_risk_dormant
C02530,new_occasional
C02531,new_occasional
C02532,new_occasional
C02533,new_occasional
C02534,high_value_loyalist
C02535,at_risk_dormant
C02536,new_occasional
C02537,new_occasional
C02538,bargain_hunter
C02539,high_value_loyalist
C02540,bargain_hunter
C02541,bargain_hunter
C02542,bargain_hunter
C02543,bargain_hunter
C02544,bargain_hunter
C02545,new_occasional
C02546,bargain_hunter
C02547,at_risk_dormant
C02548,high_value_loyalist
C02549,bargain_hunter
C02550,bargain_hunter
C02551,new_occasional
C02552,bargain_hunter
C02553,new_occasional
C02554,at_risk_dormant
C02555,bargain_hunter
C02556,new_occasional
C02557,high_value_loyalist
C02558,bargain_hunter
C02559,bargain_hunter
C02560,high_value_loyalist
C02561,new_occasional
C02562,new_occasional
C02563,new_occasional
C02564,bargain_hunter
C02565,new_occasional
C02566,bargain_hunter
C02567,high_value_loyalist
C02568,high_value_loyalist
C02569,new_occasional
C02570,at_risk_dormant
C02571,high_value_loyalist
C02572,new_occasional
C02573,new_occasional
C02574,at_risk_dormant
C02575,new_occasional
C02576,new_occasional
C02577,new_occasional
C02578,at_risk_dormant
C02579,high_value_loyalist
C02580,at_risk_dormant
C02581,high_value_loyalist
C02582,at_risk_dormant
C02583,high_value_loyalist
C02584,high_value_loyalist
C02585,high_value_loyalist
C02586,bargain_hunter
C02587,bargain_hunter
C02588,high_value_loyalist
C02589,bargain_hunter
C02590,bargain_hunter
C02591,new_occasional
C02592,at_risk_dormant
C02593,new_occasional
C02594,high_value_loyalist
C02595,bargain_hunter
C02596,at_risk_dormant
C02597,high_value_loyalist
C02598,bargain_hunter
C02599,at_risk_dormant
C02600,at_risk_dormant
C02601,bargain_hunter
C02602,new_occasional
C02603,bargain_hunter
C02604,new_occasional
C02605,high_value_loyalist
C02606,high_value_loyalist
C02607,new_occasional
C02608,bargain_hunter
C02609,new_occasional
C02610,bargain_hunter
C02611,at_risk_dormant
C02612,at_risk_dormant
C02613,bargain_hunter
C02614,new_occasional
C02615,bargain_hunter
C02616,bargain_hunter
C02617,high_value_loyalist
C02618,at_risk_dormant
C02619,at_risk_dormant
C02620,at_risk_dormant
C02621,at_risk_dormant
C02622,at_risk_dormant
C02623,bargain_hunter
C02624,at_risk_dormant
C02625,new_occasional
C02626,bargain_hunter
C02627,new_occasional
C02628,bargain_hunter
C02629,bargain_hunter
C02630,bargain_hunter
C02631,high_value_loyalist
C02632,bargain_hunter
C02633,at_risk_dormant
C02634,new_occasional
C02635,new_occasional
C02636,bargain_hunter
C02637,bargain_hunter
C02638,high_value_loyalist
C02639,at_risk_dormant
C02640,high_value_loyalist
C02641,new_occasional
C02642,new_occasional
C02643,new_occasional
C02644,at_risk_dormant
C02645,bargain_hunter
C02646,at_risk_dormant
C02647,new_occasional
C02648,new_occasional
C02649,new_occasional
C02650,at_risk_dormant
C02651,at_risk_dormant
C02652,bargain_hunter
C02653,at_risk_dormant
C02654,new_occasional
C02655,bargain_hunter
C02656,at_risk_dormant
C02657,bargain_hunter
C02658,new_occasional
C02659,high_value_loyalist
C02660,bargain_hunter
C02661,at_risk_dormant
C02662,bargain_hunter
C02663,bargain_hunter
C02664,bargain_hunter
C02665,bargain_hunter
C02666,at_risk_dormant
C02667,at_risk_dormant
C02668,high_value_loyalist
C02669,new_occasional
C02670,bargain_hunter
C02671,new_occasional
C02672,bargain_hunter
C02673,bargain_hunter
C02674,bargain_hunter
C02675,new_occasional
C02676,bargain_hunter
C02677,bargain_hunter
C02678,at_risk_dormant
C02679,new_occasional
C02680,bargain_hunter
C02681,at_risk_dormant
C02682,at_risk_dormant
C02683,high_value_loyalist
C02684,new_occasional
C02685,bargain_hunter
C02686,new_occasional
C02687,bargain_hunter
C02688,new_occasional
C02689,bargain_hunter
C02690,bargain_hunter
C02691,at_risk_dormant
C02692,bargain_hunter
C02693,at_risk_dormant
C02694,at_risk_dormant
C02695,at_risk_dormant
C02696,high_value_loyalist
C02697,at_risk_dormant
C02698,high_value_loyalist
C02699,bargain_hunter
C02700,at_risk_dormant
C02701,new_occasional
C02702,new_occasional
C02703,bargain_hunter
C02704,at_risk_dormant
C02705,new_occasional
C02706,bargain_hunter
C02707,at_risk_dormant
C02708,bargain_hunter
C02709,high_value_loyalist
C02710,new_occasional
C02711,at_risk_dormant
C02712,bargain_hunter
C02713,bargain_hunter
C02714,high_value_loyalist
C02715,at_risk_dormant
C02716,bargain_hunter
C02717,bargain_hunter
C02718,at_risk_dormant
C02719,high_value_loyalist
C02720,new_occasional
C02721,bargain_hunter
C02722,at_risk_dormant
C02723,bargain_hunter
C02724,bargain_hunter
C02725,high_value_loyalist
C02726,new_occasional
C02727,new_occasional
C02728,high_value_loyalist
C02729,bargain_hunter
C02730,at_risk_dormant
C02731,high_value_loyalist
C02732,bargain_hunter
C02733,new_occasional
C02734,bargain_hunter
C02735,bargain_hunter
C02736,bargain_hunter
C02737,high_value_loyalist
C02738,new_occasional
C02739,new_occasional
C02740,new_occasional
C02741,high_value_loyalist
C02742,at_risk_dormant
C02743,high_value_loyalist
C02744,new_occasional
C02745,bargain_hunter
C02746,new_occasional
C02747,high_value_loyalist
C02748,high_value_loyalist
C02749,bargain_hunter
C02750,high_value_loyalist
C02751,bargain_hunter
C02752,new_occasional
C02753,at_risk_dormant
C02754,high_value_loyalist
C02755,at_risk_dormant
C02756,new_occasional
C02757,at_risk_dormant
C02758,new_occasional
C02759,new_occasional
C02760,new_occasional
C02761,new_occasional
C02762,at_risk_dormant
C02763,high_value_loyalist
C02764,bargain_hunter
C02765,high_value_loyalist
C02766,at_risk_dormant
C02767,bargain_hunter
C02768,new_occasional
C02769,at_risk_dormant
C02770,at_risk_dormant
C02771,high_value_loyalist
C02772,new_occasional
C02773,at_risk_dormant
C02774,high_value_loyalist
C02775,new_occasional
C02776,bargain_hunter
C02777,new_occasional
C02778,bargain_hunter
C02779,bargain_hunter
C02780,high_value_loyalist
C02781,high_value_loyalist
C02782,high_value_loyalist
C02783,new_occasional
C02784,bargain_hunter
C02785,high_value_loyalist
C02786,new_occasional
C02787,new_occasional
C02788,new_occasional
C02789,at_risk_dormant
C02790,bargain_hunter
C02791,at_risk_dormant
C02792,high_value_loyalist
C02793,new_occasional
C02794,at_risk_dormant
C02795,at_risk_dormant
C02796,new_occasional
C02797,new_occasional
C02798,bargain_hunter
C02799,new_occasional
C02800,new_occasional
C02801,at_risk_dormant
C02802,bargain_hunter
C02803,high_value_loyalist
C02804,new_occasional
C02805,high_value_loyalist
C02806,bargain_hunter
C02807,bargain_hunter
C02808,new_occasional
C02809,high_value_loyalist
C02810,high_value_loyalist
C02811,high_value_loyalist
C02812,at_risk_dormant
C02813,new_occasional
C02814,high_value_loyalist
C02815,high_value_loyalist
C02816,new_occasional
C02817,bargain_hunter
C02818,new_occasional
C02819,bargain_hunter
C02820,at_risk_dormant
C02821,bargain_hunter
C02822,new_occasional
C02823,high_value_loyalist
C02824,at_risk_dormant
C02825,at_risk_dormant
C02826,new_occasional
C02827,bargain_hunter
C02828,high_value_loyalist
C02829,at_risk_dormant
C02830,new_occasional
C02831,bargain_hunter
C02832,bargain_hunter
C02833,bargain_hunter
C02834,at_risk_dormant
C02835,new_occasional
C02836,new_occasional
C02837,new_occasional
C02838,bargain_hunter
C02839,bargain_hunter
C02840,high_value_loyalist
C02841,new_occasional
C02842,bargain_hunter
C02843,bargain_hunter
C02844,bargain_hunter
C02845,high_value_loyalist
C02846,new_occasional
C02847,bargain_hunter
C02848,high_value_loyalist
C02849,new_occasional
C02850,bargain_hunter
C02851,bargain_hunter
C02852,bargain_hunter
C02853,at_risk_dormant
C02854,bargain_hunter
C02855,new_occasional
C02856,at_risk_dormant
C02857,new_occasional
C02858,bargain_hunter
C02859,new_occasional
C02860,bargain_hunter
C02861,bargain_hunter
C02862,new_occasional
C02863,bargain_hunter
C02864,high_value_loyalist
C02865,bargain_hunter
C02866,high_value_loyalist
C02867,bargain_hunter
C02868,new_occasional
C02869,at_risk_dormant
C02870,high_value_loyalist
C02871,new_occasional
C02872,bargain_hunter
C02873,high_value_loyalist
C02874,bargain_hunter
C02875,high_value_loyalist
C02876,high_value_loyalist
C02877,bargain_hunter
C02878,bargain_hunter
C02879,new_occasional
C02880,high_value_loyalist
C02881,high_value_loyalist
C02882,high_value_loyalist
C02883,new_occasional
C02884,bargain_hunter
C02885,new_occasional
C02886,bargain_hunter
C02887,high_value_loyalist
C02888,at_risk_dormant
C02889,high_value_loyalist
C02890,high_value_loyalist
C02891,high_value_loyalist
C02892,at_risk_dormant
C02893,new_occasional
C02894,new_occasional
C02895,at_risk_dormant
C02896,high_value_loyalist
C02897,at_risk_dormant
C02898,high_value_loyalist
C02899,new_occasional
C02900,bargain_hunter
C02901,bargain_hunter
C02902,at_risk_dormant
C02903,high_value_loyalist
C02904,at_risk_dormant
C02905,bargain_hunter
C02906,new_occasional
C02907,at_risk_dormant
C02908,high_value_loyalist
C02909,at_risk_dormant
C02910,new_occasional
C02911,new_occasional
C02912,high_value_loyalist
C02913,new_occasional
C02914,new_occasional
C02915,bargain_hunter
C02916,high_value_loyalist
C02917,bargain_hunter
C02918,at_risk_dormant
C02919,high_value_loyalist
C02920,new_occasional
C02921,at_risk_dormant
C02922,high_value_loyalist
C02923,high_value_loyalist
C02924,new_occasional
C02925,high_value_loyalist
C02926,new_occasional
C02927,new_occasional
C02928,new_occasional
C02929,bargain_hunter
C02930,new_occasional
C02931,new_occasional
C02932,high_value_loyalist
C02933,new_occasional
C02934,at_risk_dormant
C02935,new_occasional
C02936,bargain_hunter
C02937,bargain_hunter
C02938,high_value_loyalist
C02939,bargain_hunter
C02940,high_value_loyalist
C02941,at_risk_dormant
C02942,bargain_hunter
C02943,at_risk_dormant
C02944,high_value_loyalist
C02945,bargain_hunter
C02946,bargain_hunter
C02947,bargain_hunter
C02948,new_occasional
C02949,at_risk_dormant
C02950,at_risk_dormant
C02951,high_value_loyalist
C02952,new_occasional
C02953,high_value_loyalist
C02954,at_risk_dormant
C02955,bargain_hunter
C02956,bargain_hunter
C02957,high_value_loyalist
C02958,high_value_loyalist
C02959,bargain_hunter
C02960,at_risk_dormant
C02961,new_occasional
C02962,at_risk_dormant
C02963,high_value_loyalist
C02964,new_occasional
C02965,bargain_hunter
C02966,new_occasional
C02967,bargain_hunter
C02968,bargain_hunter
C02969,new_occasional
C02970,high_value_loyalist
C02971,bargain_hunter
C02972,new_occasional
C02973,high_value_loyalist
C02974,at_risk_dormant
C02975,bargain_hunter
C02976,at_risk_dormant
C02977,new_occasional
C02978,new_occasional
C02979,new_occasional
C02980,at_risk_dormant
C02981,new_occasional
C02982,bargain_hunter
C02983,high_value_loyalist
C02984,new_occasional
C02985,high_value_loyalist
C02986,bargain_hunter
C02987,high_value_loyalist
C02988,new_occasional
C02989,high_value_loyalist
C02990,new_occasional
C02991,new_occasional
C02992,at_risk_dormant
C02993,bargain_hunter
C02994,new_occasional
C02995,new_occasional
C02996,bargain_hunter
C02997,new_occasional
C02998,high_value_loyalist
C02999,at_risk_dormant
C03000,high_value_loyalist
C03001,at_risk_dormant
C03002,new_occasional
C03003,bargain_hunter
C03004,new_occasional
C03005,high_value_loyalist
C03006,new_occasional
C03007,new_occasional
C03008,high_value_loyalist
C03009,high_value_loyalist
C03010,new_occasional
C03011,bargain_hunter
C03012,at_risk_dormant
C03013,new_occasional
C03014,new_occasional
C03015,bargain_hunter
C03016,new_occasional
C03017,at_risk_dormant
C03018,high_value_loyalist
C03019,bargain_hunter
C03020,bargain_hunter
C03021,bargain_hunter
C03022,new_occasional
C03023,bargain_hunter
C03024,new_occasional
C03025,bargain_hunter
C03026,high_value_loyalist
C03027,bargain_hunter
C03028,at_risk_dormant
C03029,new_occasional
C03030,bargain_hunter
C03031,new_occasional
C03032,high_value_loyalist
C03033,bargain_hunter
C03034,bargain_hunter
C03035,at_risk_dormant
C03036,new_occasional
C03037,new_occasional
C03038,high_value_loyalist
C03039,high_value_loyalist
C03040,new_occasional
C03041,bargain_hunter
C03042,at_risk_dormant
C03043,new_occasional
C03044,bargain_hunter
C03045,new_occasional
C03046,at_risk_dormant
C03047,bargain_hunter
C03048,new_occasional
C03049,at_risk_dormant
C03050,bargain_hunter
C03051,at_risk_dormant
C03052,high_value_loyalist
C03053,new_occasional
C03054,new_occasional
C03055,new_occasional
C03056,bargain_hunter
C03057,new_occasional
C03058,high_value_loyalist
C03059,high_value_loyalist
C03060,bargain_hunter
C03061,new_occasional
C03062,bargain_hunter
C03063,bargain_hunter
C03064,at_risk_dormant
C03065,bargain_hunter
C03066,bargain_hunter
C03067,bargain_hunter
C03068,high_value_loyalist
C03069,new_occasional
C03070,bargain_hunter
C03071,high_value_loyalist
C03072,at_risk_dormant
C03073,at_risk_dormant
C03074,new_occasional
C03075,at_risk_dormant
C03076,at_risk_dormant
C03077,bargain_hunter
C03078,new_occasional
C03079,new_occasional
C03080,bargain_hunter
C03081,bargain_hunter
C03082,high_value_loyalist
C03083,new_occasional
C03084,new_occasional
C03085,new_occasional
C03086,bargain_hunter
C03087,high_value_loyalist
C03088,bargain_hunter
C03089,new_occasional
C03090,at_risk_dormant
C03091,at_risk_dormant
C03092,at_risk_dormant
C03093,at_risk_dormant
C03094,at_risk_dormant
C03095,bargain_hunter
C03096,high_value_loyalist
C03097,high_value_loyalist
C03098,bargain_hunter
C03099,bargain_hunter
C03100,high_value_loyalist
C03101,at_risk_dormant
C03102,high_value_loyalist
C03103,at_risk_dormant
C03104,new_occasional
C03105,new_occasional
C03106,new_occasional
C03107,bargain_hunter
C03108,new_occasional
C03109,high_value_loyalist
C03110,at_risk_dormant
C03111,bargain_hunter
C03112,bargain_hunter
C03113,new_occasional
C03114,new_occasional
C03115,bargain_hunter
C03116,new_occasional
C03117,high_value_loyalist
C03118,new_occasional
C03119,bargain_hunter
C03120,bargain_hunter
C03121,high_value_loyalist
C03122,bargain_hunter
C03123,bargain_hunter
C03124,bargain_hunter
C03125,high_value_loyalist
C03126,high_value_loyalist
C03127,new_occasional
C03128,high_value_loyalist
C03129,new_occasional
C03130,at_risk_dormant
C03131,bargain_hunter
C03132,at_risk_dormant
C03133,high_value_loyalist
C03134,high_value_loyalist
C03135,new_occasional
C03136,new_occasional
C03137,at_risk_dormant
C03138,high_value_loyalist
C03139,new_occasional
C03140,bargain_hunter
C03141,bargain_hunter
C03142,high_value_loyalist
C03143,at_risk_dormant
C03144,high_value_loyalist
C03145,at_risk_dormant
C03146,new_occasional
C03147,new_occasional
C03148,new_occasional
C03149,at_risk_dormant
C03150,high_value_loyalist
C03151,high_value_loyalist
C03152,new_occasional
C03153,bargain_hunter
C03154,high_value_loyalist
C03155,high_value_loyalist
C03156,bargain_hunter
C03157,high_value_loyalist
C03158,high_value_loyalist
C03159,at_risk_dormant
C03160,bargain_hunter
C03161,at_risk_dormant
C03162,at_risk_dormant
C03163,high_value_loyalist
C03164,new_occasional
C03165,new_occasional
C03166,new_occasional
C03167,high_value_loyalist
C03168,high_value_loyalist
C03169,high_value_loyalist
C03170,new_occasional
C03171,at_risk_dormant
C03172,new_occasional
C03173,new_occasional
C03174,at_risk_dormant
C03175,new_occasional
C03176,high_value_loyalist
C03177,at_risk_dormant
C03178,bargain_hunter
C03179,high_value_loyalist
C03180,bargain_hunter
C03181,at_risk_dormant
C03182,bargain_hunter
C03183,bargain_hunter
C03184,high_value_loyalist
C03185,high_value_loyalist
C03186,high_value_loyalist
C03187,new_occasional
C03188,at_risk_dormant
C03189,high_value_loyalist
C03190,bargain_hunter
C03191,high_value_loyalist
C03192,high_value_loyalist
C03193,new_occasional
C03194,new_occasional
C03195,new_occasional
C03196,bargain_hunter
C03197,new_occasional
C03198,high_value_loyalist
C03199,high_value_loyalist
C03200,at_risk_dormant
C03201,new_occasional
C03202,at_risk_dormant
C03203,at_risk_dormant
C03204,new_occasional
C03205,at_risk_dormant
C03206,bargain_hunter
C03207,high_value_loyalist
C03208,high_value_loyalist
C03209,high_value_loyalist
C03210,high_value_loyalist
C03211,bargain_hunter
C03212,new_occasional
C03213,new_occasional
C03214,new_occasional
C03215,high_value_loyalist
C03216,new_occasional
C03217,bargain_hunter
C03218,high_value_loyalist
C03219,bargain_hunter
C03220,bargain_hunter
C03221,bargain_hunter
C03222,at_risk_dormant
C03223,new_occasional
C03224,new_occasional
C03225,high_value_loyalist
C03226,at_risk_dormant
C03227,new_occasional
C03228,high_value_loyalist
C03229,new_occasional
C03230,bargain_hunter
C03231,bargain_hunter
C03232,high_value_loyalist
C03233,bargain_hunter
C03234,high_value_loyalist
C03235,high_value_loyalist
C03236,high_value_loyalist
C03237,at_risk_dormant
C03238,bargain_hunter
C03239,bargain_hunter
C03240,bargain_hunter
C03241,at_risk_dormant
C03242,new_occasional
C03243,at_risk_dormant
C03244,bargain_hunter
C03245,high_value_loyalist
C03246,new_occasional
C03247,bargain_hunter
C03248,at_risk_dormant
C03249,at_risk_dormant
C03250,bargain_hunter
C03251,at_risk_dormant
C03252,new_occasional
C03253,bargain_hunter
C03254,bargain_hunter
C03255,high_value_loyalist
C03256,at_risk_dormant
C03257,high_value_loyalist
C03258,bargain_hunter
C03259,new_occasional
C03260,high_value_loyalist
C03261,high_value_loyalist
C03262,new_occasional
C03263,high_value_loyalist
C03264,bargain_hunter
C03265,bargain_hunter
C03266,bargain_hunter
C03267,high_value_loyalist
C03268,new_occasional
C03269,at_risk_dormant
C03270,high_value_loyalist
C03271,at_risk_dormant
C03272,new_occasional
C03273,new_occasional
C03274,new_occasional
C03275,new_occasional
C03276,at_risk_dormant
C03277,bargain_hunter
C03278,new_occasional
C03279,bargain_hunter
C03280,high_value_loyalist
C03281,new_occasional
C03282,high_value_loyalist
C03283,bargain_hunter
C03284,high_value_loyalist
C03285,high_value_loyalist
C03286,new_occasional
C03287,new_occasional
C03288,bargain_hunter
C03289,high_value_loyalist
C03290,bargain_hunter
C03291,bargain_hunter
C03292,new_occasional
C03293,new_occasional
C03294,bargain_hunter
C03295,bargain_hunter
C03296,at_risk_dormant
C03297,new_occasional
C03298,bargain_hunter
C03299,bargain_hunter
C03300,high_value_loyalist
C03301,at_risk_dormant
C03302,bargain_hunter
C03303,bargain_hunter
C03304,at_risk_dormant
C03305,new_occasional
C03306,high_value_loyalist
C03307,high_value_loyalist
C03308,high_value_loyalist
C03309,new_occasional
C03310,high_value_loyalist
C03311,at_risk_dormant
C03312,at_risk_dormant
C03313,new_occasional
C03314,new_occasional
C03315,bargain_hunter
C03316,high_value_loyalist
C03317,new_occasional
C03318,high_value_loyalist
C03319,high_value_loyalist
C03320,bargain_hunter
C03321,high_value_loyalist
C03322,bargain_hunter
C03323,new_occasional
C03324,at_risk_dormant
C03325,new_occasional
C03326,at_risk_dormant
C03327,bargain_hunter
C03328,at_risk_dormant
C03329,bargain_hunter
C03330,bargain_hunter
C03331,at_risk_dormant
C03332,bargain_hunter
C03333,high_value_loyalist
C03334,bargain_hunter
C03335,bargain_hunter
C03336,bargain_hunter
C03337,new_occasional
C03338,at_risk_dormant
C03339,bargain_hunter
C03340,new_occasional
C03341,bargain_hunter
C03342,at_risk_dormant
C03343,high_value_loyalist
C03344,high_value_loyalist
C03345,bargain_hunter
C03346,new_occasional
C03347,new_occasional
C03348,new_occasional
C03349,new_occasional
C03350,bargain_hunter
C03351,high_value_loyalist
C03352,high_value_loyalist
C03353,high_value_loyalist
C03354,bargain_hunter
C03355,bargain_hunter
C03356,bargain_hunter
C03357,new_occasional
C03358,bargain_hunter
C03359,new_occasional
C03360,new_occasional
C03361,bargain_hunter
C03362,bargain_hunter
C03363,new_occasional
C03364,new_occasional
C03365,bargain_hunter
C03366,bargain_hunter
C03367,new_occasional
C03368,new_occasional
C03369,high_value_loyalist
C03370,bargain_hunter
C03371,at_risk_dormant
C03372,high_value_loyalist
C03373,at_risk_dormant
C03374,high_value_loyalist
C03375,bargain_hunter
C03376,bargain_hunter
C03377,high_value_loyalist
C03378,at_risk_dormant
C03379,bargain_hunter
C03380,at_risk_dormant
C03381,bargain_hunter
C03382,at_risk_dormant
C03383,at_risk_dormant
C03384,new_occasional
C03385,high_value_loyalist
C03386,new_occasional
C03387,new_occasional
C03388,at_risk_dormant
C03389,bargain_hunter
C03390,bargain_hunter
C03391,high_value_loyalist
C03392,new_occasional
C03393,at_risk_dormant
C03394,high_value_loyalist
C03395,new_occasional
C03396,at_risk_dormant
C03397,high_value_loyalist
C03398,high_value_loyalist
C03399,new_occasional
C03400,new_occasional
C03401,high_value_loyalist
C03402,at_risk_dormant
C03403,new_occasional
C03404,at_risk_dormant
C03405,at_risk_dormant
C03406,at_risk_dormant
C03407,bargain_hunter
C03408,bargain_hunter
C03409,bargain_hunter
C03410,high_value_loyalist
C03411,new_occasional
C03412,high_value_loyalist
C03413,bargain_hunter
C03414,high_value_loyalist
C03415,bargain_hunter
C03416,bargain_hunter
C03417,new_occasional
C03418,new_occasional
C03419,high_value_loyalist
C03420,at_risk_dormant
C03421,at_risk_dormant
C03422,bargain_hunter
C03423,new_occasional
C03424,bargain_hunter
C03425,high_value_loyalist
C03426,new_occasional
C03427,high_value_loyalist
C03428,at_risk_dormant
C03429,at_risk_dormant
C03430,at_risk_dormant
C03431,new_occasional
C03432,new_occasional
C03433,at_risk_dormant
C03434,bargain_hunter
C03435,high_value_loyalist
C03436,new_occasional
C03437,bargain_hunter
C03438,bargain_hunter
C03439,high_value_loyalist
C03440,new_occasional
C03441,bargain_hunter
C03442,high_value_loyalist
C03443,high_value_loyalist
C03444,bargain_hunter
C03445,at_risk_dormant
C03446,bargain_hunter
C03447,new_occasional
C03448,new_occasional
C03449,bargain_hunter
C03450,at_risk_dormant
C03451,new_occasional
C03452,new_occasional
C03453,high_value_loyalist
C03454,high_value_loyalist
C03455,at_risk_dormant
C03456,new_occasional
C03457,at_risk_dormant
C03458,at_risk_dormant
C03459,high_value_loyalist
C03460,new_occasional
C03461,bargain_hunter
C03462,new_occasional
C03463,high_value_loyalist
C03464,bargain_hunter
C03465,new_occasional
C03466,new_occasional
C03467,new_occasional
C03468,bargain_hunter
C03469,bargain_hunter
C03470,at_risk_dormant
C03471,bargain_hunter
C03472,bargain_hunter
C03473,new_occasional
C03474,bargain_hunter
C03475,new_occasional
C03476,bargain_hunter
C03477,at_risk_dormant
C03478,at_risk_dormant
C03479,at_risk_dormant
C03480,new_occasional
C03481,bargain_hunter
C03482,new_occasional
C03483,at_risk_dormant
C03484,new_occasional
C03485,new_occasional
C03486,new_occasional
C03487,new_occasional
C03488,new_occasional
C03489,high_value_loyalist
C03490,bargain_hunter
C03491,new_occasional
C03492,high_value_loyalist
C03493,at_risk_dormant
C03494,new_occasional
C03495,high_value_loyalist
C03496,at_risk_dormant
C03497,new_occasional
C03498,new_occasional
C03499,bargain_hunter
C03500,at_risk_dormant
C03501,bargain_hunter
C03502,new_occasional
C03503,high_value_loyalist
C03504,new_occasional
C03505,new_occasional
C03506,new_occasional
C03507,bargain_hunter
C03508,at_risk_dormant
C03509,new_occasional
C03510,bargain_hunter
C03511,at_risk_dormant
C03512,new_occasional
C03513,at_risk_dormant
C03514,at_risk_dormant
C03515,at_risk_dormant
C03516,new_occasional
C03517,new_occasional
C03518,high_value_loyalist
C03519,new_occasional
C03520,new_occasional
C03521,new_occasional
C03522,at_risk_dormant
C03523,high_value_loyalist
C03524,bargain_hunter
C03525,bargain_hunter
C03526,bargain_hunter
C03527,high_value_loyalist
C03528,high_value_loyalist
C03529,at_risk_dormant
C03530,bargain_hunter
C03531,high_value_loyalist
C03532,high_value_loyalist
C03533,bargain_hunter
C03534,high_value_loyalist
C03535,new_occasional
C03536,new_occasional
C03537,bargain_hunter
C03538,new_occasional
C03539,high_value_loyalist
C03540,bargain_hunter
C03541,at_risk_dormant
C03542,new_occasional
C03543,at_risk_dormant
C03544,bargain_hunter
C03545,bargain_hunter
C03546,bargain_hunter
C03547,bargain_hunter
C03548,at_risk_dormant
C03549,high_value_loyalist
C03550,at_risk_dormant
C03551,at_risk_dormant
C03552,new_occasional
C03553,bargain_hunter
C03554,bargain_hunter
C03555,bargain_hunter
C03556,new_occasional
C03557,bargain_hunter
C03558,at_risk_dormant
C03559,new_occasional
C03560,bargain_hunter
C03561,new_occasional
C03562,bargain_hunter
C03563,at_risk_dormant
C03564,high_value_loyalist
C03565,at_risk_dormant
C03566,at_risk_dormant
C03567,at_risk_dormant
C03568,bargain_hunter
C03569,at_risk_dormant
C03570,bargain_hunter
C03571,new_occasional
C03572,high_value_loyalist
C03573,bargain_hunter
C03574,bargain_hunter
C03575,bargain_hunter
C03576,bargain_hunter
C03577,at_risk_dormant
C03578,bargain_hunter
C03579,new_occasional
C03580,high_value_loyalist
C03581,new_occasional
C03582,new_occasional
C03583,bargain_hunter
C03584,new_occasional
C03585,at_risk_dormant
C03586,at_risk_dormant
C03587,bargain_hunter
C03588,bargain_hunter
C03589,new_occasional
C03590,bargain_hunter
C03591,at_risk_dormant
C03592,bargain_hunter
C03593,at_risk_dormant
C03594,high_value_loyalist
C03595,high_value_loyalist
C03596,at_risk_dormant
C03597,at_risk_dormant
C03598,at_risk_dormant
C03599,at_risk_dormant
C03600,bargain_hunter
C03601,bargain_hunter
C03602,high_value_loyalist
C03603,bargain_hunter
C03604,bargain_hunter
C03605,at_risk_dormant
C03606,high_value_loyalist
C03607,high_value_loyalist
C03608,bargain_hunter
C03609,high_value_loyalist
C03610,bargain_hunter
C03611,new_occasional
C03612,bargain_hunter
C03613,new_occasional
C03614,at_risk_dormant
C03615,new_occasional
C03616,new_occasional
C03617,bargain_hunter
C03618,high_value_loyalist
C03619,bargain_hunter
C03620,at_risk_dormant
C03621,new_occasional
C03622,bargain_hunter
C03623,bargain_hunter
C03624,at_risk_dormant
C03625,new_occasional
C03626,new_occasional
C03627,at_risk_dormant
C03628,new_occasional
C03629,new_occasional
C03630,high_value_loyalist
C03631,high_value_loyalist
C03632,at_risk_dormant
C03633,new_occasional
C03634,bargain_hunter
C03635,new_occasional
C03636,high_value_loyalist
C03637,at_risk_dormant
C03638,high_value_loyalist
C03639,at_risk_dormant
C03640,new_occasional
C03641,bargain_hunter
C03642,high_value_loyalist
C03643,at_risk_dormant
C03644,high_value_loyalist
C03645,high_value_loyalist
C03646,new_occasional
C03647,bargain_hunter
C03648,bargain_hunter
C03649,bargain_hunter
C03650,at_risk_dormant
C03651,bargain_hunter
C03652,high_value_loyalist
C03653,bargain_hunter
C03654,high_value_loyalist
C03655,bargain_hunter
C03656,high_value_loyalist
C03657,high_value_loyalist
C03658,bargain_hunter
C03659,at_risk_dormant
C03660,high_value_loyalist
C03661,high_value_loyalist
C03662,at_risk_dormant
C03663,at_risk_dormant
C03664,new_occasional
C03665,bargain_hunter
C03666,bargain_hunter
C03667,high_value_loyalist
C03668,high_value_loyalist
C03669,bargain_hunter
C03670,new_occasional
C03671,bargain_hunter
C03672,new_occasional
C03673,bargain_hunter
C03674,bargain_hunter
C03675,new_occasional
C03676,at_risk_dormant
C03677,bargain_hunter
C03678,new_occasional
C03679,bargain_hunter
C03680,high_value_loyalist
C03681,new_occasional
C03682,high_value_loyalist
C03683,bargain_hunter
C03684,bargain_hunter
C03685,high_value_loyalist
C03686,high_value_loyalist
C03687,bargain_hunter
C03688,at_risk_dormant
C03689,new_occasional
C03690,bargain_hunter
C03691,high_value_loyalist
C03692,new_occasional
C03693,high_value_loyalist
C03694,new_occasional
C03695,new_occasional
C03696,bargain_hunter
C03697,bargain_hunter
C03698,high_value_loyalist
C03699,high_value_loyalist
C03700,bargain_hunter
C03701,at_risk_dormant
C03702,bargain_hunter
C03703,new_occasional
C03704,new_occasional
C03705,high_value_loyalist
C03706,high_value_loyalist
C03707,bargain_hunter
C03708,new_occasional
C03709,bargain_hunter
C03710,new_occasional
C03711,at_risk_dormant
C03712,new_occasional
C03713,at_risk_dormant
C03714,new_occasional
C03715,at_risk_dormant
C03716,at_risk_dormant
C03717,new_occasional
C03718,at_risk_dormant
C03719,at_risk_dormant
C03720,bargain_hunter
C03721,new_occasional
C03722,bargain_hunter
C03723,at_risk_dormant
C03724,bargain_hunter
C03725,at_risk_dormant
C03726,new_occasional
C03727,at_risk_dormant
C03728,bargain_hunter
C03729,new_occasional
C03730,new_occasional
C03731,at_risk_dormant
C03732,at_risk_dormant
C03733,new_occasional
C03734,new_occasional
C03735,high_value_loyalist
C03736,at_risk_dormant
C03737,bargain_hunter
C03738,new_occasional
C03739,new_occasional
C03740,bargain_hunter
C03741,high_value_loyalist
C03742,high_value_loyalist
C03743,at_risk_dormant
C03744,bargain_hunter
C03745,high_value_loyalist
C03746,new_occasional
C03747,bargain_hunter
C03748,at_risk_dormant
C03749,bargain_hunter
C03750,high_value_loyalist
C03751,high_value_loyalist
C03752,bargain_hunter
C03753,bargain_hunter
C03754,new_occasional
C03755,bargain_hunter
C03756,bargain_hunter
C03757,bargain_hunter
C03758,bargain_hunter
C03759,at_risk_dormant
C03760,high_value_loyalist
C03761,at_risk_dormant
C03762,bargain_hunter
C03763,high_value_loyalist
C03764,bargain_hunter
C03765,high_value_loyalist
C03766,new_occasional
C03767,bargain_hunter
C03768,bargain_hunter
C03769,new_occasional
C03770,new_occasional
C03771,at_risk_dormant
C03772,at_risk_dormant
C03773,new_occasional
C03774,at_risk_dormant
C03775,new_occasional
C03776,bargain_hunter
C03777,new_occasional
C03778,high_value_loyalist
C03779,new_occasional
C03780,at_risk_dormant
C03781,high_value_loyalist
C03782,at_risk_dormant
C03783,at_risk_dormant
C03784,bargain_hunter
C03785,new_occasional
C03786,at_risk_dormant
C03787,at_risk_dormant
C03788,high_value_loyalist
C03789,bargain_hunter
C03790,new_occasional
C03791,bargain_hunter
C03792,bargain_hunter
C03793,high_value_loyalist
C03794,high_value_loyalist
C03795,new_occasional
C03796,new_occasional
C03797,new_occasional
C03798,new_occasional
C03799,bargain_hunter
C03800,bargain_hunter
C03801,high_value_loyalist
C03802,high_value_loyalist
C03803,bargain_hunter
C03804,high_value_loyalist
C03805,high_value_loyalist
C03806,high_value_loyalist
C03807,new_occasional
C03808,new_occasional
C03809,at_risk_dormant
C03810,new_occasional
C03811,new_occasional
C03812,high_value_loyalist
C03813,new_occasional
C03814,high_value_loyalist
C03815,bargain_hunter
C03816,bargain_hunter
C03817,bargain_hunter
C03818,bargain_hunter
C03819,new_occasional
C03820,at_risk_dormant
C03821,new_occasional
C03822,new_occasional
C03823,new_occasional
C03824,high_value_loyalist
C03825,new_occasional
C03826,new_occasional
C03827,bargain_hunter
C03828,bargain_hunter
C03829,at_risk_dormant
C03830,new_occasional
C03831,bargain_hunter
C03832,new_occasional
C03833,bargain_hunter
C03834,bargain_hunter
C03835,bargain_hunter
C03836,bargain_hunter
C03837,new_occasional
C03838,high_value_loyalist
C03839,new_occasional
C03840,bargain_hunter
C03841,new_occasional
C03842,new_occasional
C03843,new_occasional
C03844,new_occasional
C03845,at_risk_dormant
C03846,bargain_hunter
C03847,new_occasional
C03848,new_occasional
C03849,bargain_hunter
C03850,bargain_hunter
C03851,bargain_hunter
C03852,bargain_hunter
C03853,bargain_hunter
C03854,bargain_hunter
C03855,new_occasional
C03856,high_value_loyalist
C03857,at_risk_dormant
C03858,bargain_hunter
C03859,new_occasional
C03860,high_value_loyalist
C03861,bargain_hunter
C03862,high_value_loyalist
C03863,new_occasional
C03864,bargain_hunter
C03865,at_risk_dormant
C03866,bargain_hunter
C03867,new_occasional
C03868,bargain_hunter
C03869,new_occasional
C03870,bargain_hunter
C03871,bargain_hunter
C03872,high_value_loyalist
C03873,high_value_loyalist
C03874,high_value_loyalist
C03875,at_risk_dormant
C03876,bargain_hunter
C03877,high_value_loyalist
C03878,at_risk_dormant
C03879,high_value_loyalist
C03880,bargain_hunter
C03881,new_occasional
C03882,at_risk_dormant
C03883,new_occasional
C03884,bargain_hunter
C03885,at_risk_dormant
C03886,high_value_loyalist
C03887,at_risk_dormant
C03888,at_risk_dormant
C03889,at_risk_dormant
C03890,bargain_hunter
C03891,high_value_loyalist
C03892,new_occasional
C03893,bargain_hunter
C03894,new_occasional
C03895,at_risk_dormant
C03896,new_occasional
C03897,bargain_hunter
C03898,bargain_hunter
C03899,high_value_loyalist
C03900,high_value_loyalist
C03901,high_value_loyalist
C03902,at_risk_dormant
C03903,new_occasional
C03904,new_occasional
C03905,bargain_hunter
C03906,new_occasional
C03907,at_risk_dormant
C03908,at_risk_dormant
C03909,new_occasional
C03910,at_risk_dormant
C03911,bargain_hunter
C03912,bargain_hunter
C03913,at_risk_dormant
C03914,bargain_hunter
C03915,bargain_hunter
C03916,bargain_hunter
C03917,bargain_hunter
C03918,new_occasional
C03919,new_occasional
C03920,bargain_hunter
C03921,high_value_loyalist
C03922,at_risk_dormant
C03923,bargain_hunter
C03924,at_risk_dormant
C03925,high_value_loyalist
C03926,new_occasional
C03927,new_occasional
C03928,at_risk_dormant
C03929,high_value_loyalist
C03930,at_risk_dormant
C03931,new_occasional
C03932,new_occasional
C03933,bargain_hunter
C03934,high_value_loyalist
C03935,bargain_hunter
C03936,bargain_hunter
C03937,bargain_hunter
C03938,new_occasional
C03939,bargain_hunter
C03940,high_value_loyalist
C03941,high_value_loyalist
C03942,high_value_loyalist
C03943,high_value_loyalist
C03944,new_occasional
C03945,high_value_loyalist
C03946,at_risk_dormant
C03947,high_value_loyalist
C03948,high_value_loyalist
C03949,at_risk_dormant
C03950,bargain_hunter
C03951,bargain_hunter
C03952,at_risk_dormant
C03953,at_risk_dormant
C03954,new_occasional
C03955,high_value_loyalist
C03956,new_occasional
C03957,at_risk_dormant
C03958,at_risk_dormant
C03959,high_value_loyalist
C03960,bargain_hunter
C03961,bargain_hunter
C03962,high_value_loyalist
C03963,new_occasional
C03964,bargain_hunter
C03965,bargain_hunter
C03966,high_value_loyalist
C03967,bargain_hunter
C03968,high_value_loyalist
C03969,bargain_hunter
C03970,high_value_loyalist
C03971,at_risk_dormant
C03972,high_value_loyalist
C03973,new_occasional
C03974,high_value_loyalist
C03975,high_value_loyalist
C03976,high_value_loyalist
C03977,high_value_loyalist
C03978,high_value_loyalist
C03979,bargain_hunter
C03980,new_occasional
C03981,high_value_loyalist
C03982,bargain_hunter
C03983,new_occasional
C03984,bargain_hunter
C03985,bargain_hunter
C03986,high_value_loyalist
C03987,bargain_hunter
C03988,bargain_hunter
C03989,at_risk_dormant
C03990,at_risk_dormant
C03991,at_risk_dormant
C03992,bargain_hunter
C03993,high_value_loyalist
C03994,bargain_hunter
C03995,bargain_hunter
C03996,high_value_loyalist
C03997,high_value_loyalist
C03998,bargain_hunter
C03999,bargain_hunter
C04000,high_value_loyalist
C04001,new_occasional
C04002,bargain_hunter
C04003,at_risk_dormant
C04004,bargain_hunter
C04005,new_occasional
C04006,high_value_loyalist
C04007,bargain_hunter
C04008,high_value_loyalist
C04009,high_value_loyalist
C04010,new_occasional
C04011,bargain_hunter
C04012,high_value_loyalist
C04013,at_risk_dormant
C04014,high_value_loyalist
C04015,new_occasional
C04016,new_occasional
C04017,bargain_hunter
C04018,bargain_hunter
C04019,high_value_loyalist
C04020,new_occasional
C04021,bargain_hunter
C04022,high_value_loyalist
C04023,bargain_hunter
C04024,at_risk_dormant
C04025,new_occasional
C04026,at_risk_dormant
C04027,new_occasional
C04028,new_occasional
C04029,bargain_hunter
C04030,at_risk_dormant
C04031,bargain_hunter
C04032,bargain_hunter
C04033,new_occasional
C04034,new_occasional
C04035,high_value_loyalist
C04036,bargain_hunter
C04037,bargain_hunter
C04038,at_risk_dormant
C04039,bargain_hunter
C04040,at_risk_dormant
C04041,bargain_hunter
C04042,new_occasional
C04043,high_value_loyalist
C04044,at_risk_dormant
C04045,bargain_hunter
C04046,bargain_hunter
C04047,bargain_hunter
C04048,bargain_hunter
C04049,bargain_hunter
C04050,new_occasional
C04051,at_risk_dormant
C04052,new_occasional
C04053,new_occasional
C04054,bargain_hunter
C04055,at_risk_dormant
C04056,at_risk_dormant
C04057,bargain_hunter
C04058,at_risk_dormant
C04059,bargain_hunter
C04060,at_risk_dormant
C04061,at_risk_dormant
C04062,new_occasional
C04063,high_value_loyalist
C04064,new_occasional
C04065,high_value_loyalist
C04066,new_occasional
C04067,bargain_hunter
C04068,new_occasional
C04069,at_risk_dormant
C04070,high_value_loyalist
C04071,bargain_hunter
C04072,new_occasional
C04073,bargain_hunter
C04074,high_value_loyalist
C04075,high_value_loyalist
C04076,bargain_hunter
C04077,new_occasional
C04078,new_occasional
C04079,high_value_loyalist
C04080,bargain_hunter
C04081,bargain_hunter
C04082,bargain_hunter
C04083,new_occasional
C04084,bargain_hunter
C04085,new_occasional
C04086,at_risk_dormant
C04087,new_occasional
C04088,new_occasional
C04089,high_value_loyalist
C04090,high_value_loyalist
C04091,high_value_loyalist
C04092,new_occasional
C04093,at_risk_dormant
C04094,high_value_loyalist
C04095,high_value_loyalist
C04096,bargain_hunter
C04097,new_occasional
C04098,new_occasional
C04099,new_occasional
C04100,at_risk_dormant
C04101,bargain_hunter
C04102,new_occasional
C04103,new_occasional
C04104,bargain_hunter
C04105,at_risk_dormant
C04106,high_value_loyalist
C04107,new_occasional
C04108,new_occasional
C04109,at_risk_dormant
C04110,bargain_hunter
C04111,bargain_hunter
C04112,at_risk_dormant
C04113,new_occasional
C04114,bargain_hunter
C04115,new_occasional
C04116,bargain_hunter
C04117,new_occasional
C04118,at_risk_dormant
C04119,bargain_hunter
C04120,bargain_hunter
C04121,at_risk_dormant
C04122,new_occasional
C04123,at_risk_dormant
C04124,bargain_hunter
C04125,at_risk_dormant
C04126,high_value_loyalist
C04127,bargain_hunter
C04128,bargain_hunter
C04129,new_occasional
C04130,at_risk_dormant
C04131,new_occasional
C04132,new_occasional
C04133,bargain_hunter
C04134,bargain_hunter
C04135,bargain_hunter
C04136,high_value_loyalist
C04137,bargain_hunter
C04138,at_risk_dormant
C04139,new_occasional
C04140,new_occasional
C04141,bargain_hunter
C04142,new_occasional
C04143,high_value_loyalist
C04144,bargain_hunter
C04145,bargain_hunter
C04146,bargain_hunter
C04147,high_value_loyalist
C04148,new_occasional
C04149,bargain_hunter
C04150,bargain_hunter
C04151,bargain_hunter
C04152,new_occasional
C04153,bargain_hunter
C04154,bargain_hunter
C04155,new_occasional
C04156,high_value_loyalist
C04157,at_risk_dormant
C04158,high_value_loyalist
C04159,bargain_hunter
C04160,high_value_loyalist
C04161,new_occasional
C04162,bargain_hunter
C04163,at_risk_dormant
C04164,bargain_hunter
C04165,new_occasional
C04166,bargain_hunter
C04167,high_value_loyalist
C04168,bargain_hunter
C04169,new_occasional
C04170,bargain_hunter
C04171,at_risk_dormant
C04172,new_occasional
C04173,at_risk_dormant
C04174,bargain_hunter
C04175,new_occasional
C04176,new_occasional
C04177,new_occasional
C04178,at_risk_dormant
C04179,new_occasional
C04180,at_risk_dormant
C04181,new_occasional
C04182,high_value_loyalist
C04183,new_occasional
C04184,bargain_hunter
C04185,at_risk_dormant
C04186,at_risk_dormant
C04187,high_value_loyalist
C04188,high_value_loyalist
C04189,high_value_loyalist
C04190,bargain_hunter
C04191,high_value_loyalist
C04192,new_occasional
C04193,new_occasional
C04194,at_risk_dormant
C04195,bargain_hunter
C04196,bargain_hunter
C04197,high_value_loyalist
C04198,at_risk_dormant
C04199,high_value_loyalist
C04200,high_value_loyalist
C04201,high_value_loyalist
C04202,at_risk_dormant
C04203,high_value_loyalist
C04204,new_occasional
C04205,new_occasional
C04206,new_occasional
C04207,high_value_loyalist
C04208,high_value_loyalist
C04209,bargain_hunter
C04210,high_value_loyalist
C04211,new_occasional
C04212,bargain_hunter
C04213,bargain_hunter
C04214,high_value_loyalist
C04215,new_occasional
C04216,high_value_loyalist
C04217,new_occasional
C04218,high_value_loyalist
C04219,at_risk_dormant
C04220,new_occasional
C04221,high_value_loyalist
C04222,high_value_loyalist
C04223,bargain_hunter
C04224,high_value_loyalist
C04225,high_value_loyalist
C04226,at_risk_dormant
C04227,new_occasional
C04228,high_value_loyalist
C04229,new_occasional
C04230,bargain_hunter
C04231,at_risk_dormant
C04232,high_value_loyalist
C04233,new_occasional
C04234,new_occasional
C04235,high_value_loyalist
C04236,high_value_loyalist
C04237,bargain_hunter
C04238,at_risk_dormant
C04239,new_occasional
C04240,new_occasional
C04241,new_occasional
C04242,at_risk_dormant
C04243,bargain_hunter
C04244,bargain_hunter
C04245,new_occasional
C04246,bargain_hunter
C04247,at_risk_dormant
C04248,high_value_loyalist
C04249,high_value_loyalist
C04250,at_risk_dormant
C04251,bargain_hunter
C04252,high_value_loyalist
C04253,high_value_loyalist
C04254,new_occasional
C04255,at_risk_dormant
C04256,high_value_loyalist
C04257,high_value_loyalist
C04258,bargain_hunter
C04259,at_risk_dormant
C04260,bargain_hunter
C04261,at_risk_dormant
C04262,at_risk_dormant
C04263,bargain_hunter
C04264,at_risk_dormant
C04265,new_occasional
C04266,bargain_hunter
C04267,bargain_hunter
C04268,at_risk_dormant
C04269,new_occasional
C04270,new_occasional
C04271,at_risk_dormant
C04272,bargain_hunter
C04273,at_risk_dormant
C04274,at_risk_dormant
C04275,high_value_loyalist
C04276,high_value_loyalist
C04277,bargain_hunter
C04278,at_risk_dormant
C04279,bargain_hunter
C04280,new_occasional
C04281,high_value_loyalist
C04282,bargain_hunter
C04283,new_occasional
C04284,high_value_loyalist
C04285,at_risk_dormant
C04286,high_value_loyalist
C04287,at_risk_dormant
C04288,high_value_loyalist
C04289,at_risk_dormant
C04290,new_occasional
C04291,high_value_loyalist
C04292,high_value_loyalist
C04293,high_value_loyalist
C04294,new_occasional
C04295,at_risk_dormant
C04296,bargain_hunter
C04297,bargain_hunter
C04298,new_occasional
C04299,new_occasional
C04300,new_occasional
C04301,bargain_hunter
C04302,new_occasional
C04303,at_risk_dormant
C04304,bargain_hunter
C04305,high_value_loyalist
C04306,high_value_loyalist
C04307,new_occasional
C04308,bargain_hunter
C04309,at_risk_dormant
C04310,new_occasional
C04311,new_occasional
C04312,new_occasional
C04313,bargain_hunter
C04314,at_risk_dormant
C04315,high_value_loyalist
C04316,new_occasional
C04317,at_risk_dormant
C04318,new_occasional
C04319,at_risk_dormant
C04320,bargain_hunter
C04321,at_risk_dormant
C04322,new_occasional
C04323,new_occasional
C04324,high_value_loyalist
C04325,high_value_loyalist
C04326,new_occasional
C04327,high_value_loyalist
C04328,new_occasional
C04329,at_risk_dormant
C04330,at_risk_dormant
C04331,high_value_loyalist
C04332,at_risk_dormant
C04333,high_value_loyalist
C04334,bargain_hunter
C04335,at_risk_dormant
C04336,high_value_loyalist
C04337,high_value_loyalist
C04338,high_value_loyalist
C04339,bargain_hunter
C04340,at_risk_dormant
C04341,high_value_loyalist
C04342,high_value_loyalist
C04343,new_occasional
C04344,bargain_hunter
C04345,new_occasional
C04346,at_risk_dormant
C04347,new_occasional
C04348,at_risk_dormant
C04349,bargain_hunter
C04350,at_risk_dormant
C04351,high_value_loyalist
C04352,high_value_loyalist
C04353,new_occasional
C04354,high_value_loyalist
C04355,at_risk_dormant
C04356,new_occasional
C04357,at_risk_dormant
C04358,bargain_hunter
C04359,bargain_hunter
C04360,new_occasional
C04361,bargain_hunter
C04362,new_occasional
C04363,new_occasional
C04364,at_risk_dormant
C04365,new_occasional
C04366,high_value_loyalist
C04367,bargain_hunter
C04368,new_occasional
C04369,high_value_loyalist
C04370,bargain_hunter
C04371,bargain_hunter
C04372,high_value_loyalist
C04373,bargain_hunter
C04374,high_value_loyalist
C04375,new_occasional
C04376,high_value_loyalist
C04377,new_occasional
C04378,high_value_loyalist
C04379,at_risk_dormant
C04380,high_value_loyalist
C04381,new_occasional
C04382,bargain_hunter
C04383,bargain_hunter
C04384,bargain_hunter
C04385,at_risk_dormant
C04386,at_risk_dormant
C04387,bargain_hunter
C04388,high_value_loyalist
C04389,new_occasional
C04390,new_occasional
C04391,high_value_loyalist
C04392,new_occasional
C04393,bargain_hunter
C04394,new_occasional
C04395,bargain_hunter
C04396,bargain_hunter
C04397,high_value_loyalist
C04398,new_occasional
C04399,high_value_loyalist
C04400,new_occasional
C04401,new_occasional
C04402,new_occasional
C04403,high_value_loyalist
C04404,bargain_hunter
C04405,bargain_hunter
C04406,new_occasional
C04407,at_risk_dormant
C04408,bargain_hunter
C04409,at_risk_dormant
C04410,high_value_loyalist
C04411,bargain_hunter
C04412,high_value_loyalist
C04413,new_occasional
C04414,high_value_loyalist
C04415,bargain_hunter
C04416,new_occasional
C04417,new_occasional
C04418,high_value_loyalist
C04419,high_value_loyalist
C04420,bargain_hunter
C04421,bargain_hunter
C04422,high_value_loyalist
C04423,new_occasional
C04424,bargain_hunter
C04425,new_occasional
C04426,bargain_hunter
C04427,high_value_loyalist
C04428,high_value_loyalist
C04429,bargain_hunter
C04430,high_value_loyalist
C04431,bargain_hunter
C04432,at_risk_dormant
C04433,at_risk_dormant
C04434,bargain_hunter
C04435,new_occasional
C04436,new_occasional
C04437,at_risk_dormant
C04438,bargain_hunter
C04439,bargain_hunter
C04440,bargain_hunter
C04441,high_value_loyalist
C04442,bargain_hunter
C04443,at_risk_dormant
C04444,at_risk_dormant
C04445,high_value_loyalist
C04446,bargain_hunter
C04447,bargain_hunter
C04448,bargain_hunter
C04449,new_occasional
C04450,high_value_loyalist
C04451,at_risk_dormant
C04452,at_risk_dormant
C04453,new_occasional
C04454,new_occasional
C04455,new_occasional
C04456,bargain_hunter
C04457,high_value_loyalist
C04458,new_occasional
C04459,high_value_loyalist
C04460,at_risk_dormant
C04461,bargain_hunter
C04462,bargain_hunter
C04463,bargain_hunter
C04464,at_risk_dormant
C04465,high_value_loyalist
C04466,high_value_loyalist
C04467,high_value_loyalist
C04468,new_occasional
C04469,at_risk_dormant
C04470,bargain_hunter
C04471,at_risk_dormant
C04472,bargain_hunter
C04473,new_occasional
C04474,high_value_loyalist
C04475,bargain_hunter
C04476,new_occasional
C04477,new_occasional
C04478,bargain_hunter
C04479,at_risk_dormant
C04480,at_risk_dormant
C04481,bargain_hunter
C04482,new_occasional
C04483,new_occasional
C04484,bargain_hunter
C04485,at_risk_dormant
C04486,bargain_hunter
C04487,new_occasional
C04488,high_value_loyalist
C04489,bargain_hunter
C04490,new_occasional
C04491,new_occasional
C04492,at_risk_dormant
C04493,at_risk_dormant
C04494,high_value_loyalist
C04495,bargain_hunter
C04496,bargain_hunter
C04497,bargain_hunter
C04498,bargain_hunter
C04499,at_risk_dormant
C04500,new_occasional
C04501,high_value_loyalist
C04502,bargain_hunter
C04503,new_occasional
C04504,bargain_hunter
C04505,high_value_loyalist
C04506,bargain_hunter
C04507,bargain_hunter
C04508,high_value_loyalist
C04509,new_occasional
C04510,bargain_hunter
C04511,new_occasional
C04512,bargain_hunter
C04513,at_risk_dormant
C04514,high_value_loyalist
C04515,high_value_loyalist
C04516,bargain_hunter
C04517,bargain_hunter
C04518,bargain_hunter
C04519,new_occasional
C04520,bargain_hunter
C04521,high_value_loyalist
C04522,bargain_hunter
C04523,new_occasional
C04524,at_risk_dormant
C04525,new_occasional
C04526,new_occasional
C04527,new_occasional
C04528,new_occasional
C04529,bargain_hunter
C04530,new_occasional
C04531,new_occasional
C04532,bargain_hunter
C04533,new_occasional
C04534,bargain_hunter
C04535,bargain_hunter
C04536,high_value_loyalist
C04537,new_occasional
C04538,at_risk_dormant
C04539,high_value_loyalist
C04540,bargain_hunter
C04541,high_value_loyalist
C04542,high_value_loyalist
C04543,at_risk_dormant
C04544,bargain_hunter
C04545,bargain_hunter
C04546,bargain_hunter
C04547,at_risk_dormant
C04548,bargain_hunter
C04549,new_occasional
C04550,bargain_hunter
C04551,high_value_loyalist
C04552,new_occasional
C04553,high_value_loyalist
C04554,new_occasional
C04555,bargain_hunter
C04556,new_occasional
C04557,new_occasional
C04558,new_occasional
C04559,high_value_loyalist
C04560,new_occasional
C04561,at_risk_dormant
C04562,bargain_hunter
C04563,bargain_hunter
C04564,at_risk_dormant
C04565,high_value_loyalist
C04566,new_occasional
C04567,new_occasional
C04568,high_value_loyalist
C04569,new_occasional
C04570,new_occasional
C04571,bargain_hunter
C04572,at_risk_dormant
C04573,high_value_loyalist
C04574,bargain_hunter
C04575,at_risk_dormant
C04576,high_value_loyalist
C04577,at_risk_dormant
C04578,high_value_loyalist
C04579,bargain_hunter
C04580,high_value_loyalist
C04581,new_occasional
C04582,new_occasional
C04583,at_risk_dormant
C04584,at_risk_dormant
C04585,new_occasional
C04586,new_occasional
C04587,bargain_hunter
C04588,at_risk_dormant
C04589,new_occasional
C04590,at_risk_dormant
C04591,bargain_hunter
C04592,bargain_hunter
C04593,new_occasional
C04594,high_value_loyalist
C04595,high_value_loyalist
C04596,at_risk_dormant
C04597,bargain_hunter
C04598,high_value_loyalist
C04599,bargain_hunter
C04600,bargain_hunter
C04601,new_occasional
C04602,at_risk_dormant
C04603,at_risk_dormant
C04604,new_occasional
C04605,new_occasional
C04606,bargain_hunter
C04607,at_risk_dormant
C04608,high_value_loyalist
C04609,high_value_loyalist
C04610,at_risk_dormant
C04611,at_risk_dormant
C04612,bargain_hunter
C04613,new_occasional
C04614,bargain_hunter
C04615,bargain_hunter
C04616,bargain_hunter
C04617,high_value_loyalist
C04618,new_occasional
C04619,bargain_hunter
C04620,bargain_hunter
C04621,high_value_loyalist
C04622,at_risk_dormant
C04623,new_occasional
C04624,at_risk_dormant
C04625,high_value_loyalist
C04626,new_occasional
C04627,at_risk_dormant
C04628,bargain_hunter
C04629,high_value_loyalist
C04630,bargain_hunter
C04631,bargain_hunter
C04632,bargain_hunter
C04633,bargain_hunter
C04634,bargain_hunter
C04635,new_occasional
C04636,high_value_loyalist
C04637,bargain_hunter
C04638,new_occasional
C04639,high_value_loyalist
C04640,bargain_hunter
C04641,high_value_loyalist
C04642,high_value_loyalist
C04643,bargain_hunter
C04644,high_value_loyalist
C04645,bargain_hunter
C04646,at_risk_dormant
C04647,at_risk_dormant
C04648,high_value_loyalist
C04649,bargain_hunter
C04650,bargain_hunter
C04651,at_risk_dormant
C04652,at_risk_dormant
C04653,high_value_loyalist
C04654,high_value_loyalist
C04655,bargain_hunter
C04656,at_risk_dormant
C04657,at_risk_dormant
C04658,high_value_loyalist
C04659,new_occasional
C04660,high_value_loyalist
C04661,new_occasional
C04662,at_risk_dormant
C04663,bargain_hunter
C04664,high_value_loyalist
C04665,new_occasional
C04666,bargain_hunter
C04667,at_risk_dormant
C04668,bargain_hunter
C04669,at_risk_dormant
C04670,bargain_hunter
C04671,high_value_loyalist
C04672,bargain_hunter
C04673,high_value_loyalist
C04674,bargain_hunter
C04675,new_occasional
C04676,high_value_loyalist
C04677,high_value_loyalist
C04678,high_value_loyalist
C04679,high_value_loyalist
C04680,at_risk_dormant
C04681,at_risk_dormant
C04682,high_value_loyalist
C04683,new_occasional
C04684,new_occasional
C04685,at_risk_dormant
C04686,bargain_hunter
C04687,bargain_hunter
C04688,bargain_hunter
C04689,at_risk_dormant
C04690,new_occasional
C04691,bargain_hunter
C04692,bargain_hunter
C04693,new_occasional
C04694,at_risk_dormant
C04695,bargain_hunter
C04696,new_occasional
C04697,bargain_hunter
C04698,bargain_hunter
C04699,new_occasional
C04700,new_occasional
C04701,at_risk_dormant
C04702,bargain_hunter
C04703,bargain_hunter
C04704,bargain_hunter
C04705,high_value_loyalist
C04706,bargain_hunter
C04707,high_value_loyalist
C04708,bargain_hunter
C04709,high_value_loyalist
C04710,bargain_hunter
C04711,new_occasional
C04712,bargain_hunter
C04713,new_occasional
C04714,at_risk_dormant
C04715,new_occasional
C04716,high_value_loyalist
C04717,bargain_hunter
C04718,new_occasional
C04719,bargain_hunter
C04720,high_value_loyalist
C04721,bargain_hunter
C04722,new_occasional
C04723,bargain_hunter
C04724,new_occasional
C04725,high_value_loyalist
C04726,bargain_hunter
C04727,at_risk_dormant
C04728,bargain_hunter
C04729,new_occasional
C04730,bargain_hunter
C04731,bargain_hunter
C04732,at_risk_dormant
C04733,bargain_hunter
C04734,bargain_hunter
C04735,at_risk_dormant
C04736,new_occasional
C04737,new_occasional
C04738,high_value_loyalist
C04739,high_value_loyalist
C04740,new_occasional
C04741,high_value_loyalist
C04742,bargain_hunter
C04743,new_occasional
C04744,bargain_hunter
C04745,high_value_loyalist
C04746,high_value_loyalist
C04747,bargain_hunter
C04748,new_occasional
C04749,at_risk_dormant
C04750,high_value_loyalist
C04751,high_value_loyalist
C04752,new_occasional
C04753,bargain_hunter
C04754,bargain_hunter
C04755,at_risk_dormant
C04756,new_occasional
C04757,bargain_hunter
C04758,at_risk_dormant
C04759,high_value_loyalist
C04760,at_risk_dormant
C04761,bargain_hunter
C04762,bargain_hunter
C04763,at_risk_dormant
C04764,bargain_hunter
C04765,bargain_hunter
C04766,bargain_hunter
C04767,new_occasional
C04768,new_occasional
C04769,high_value_loyalist
C04770,new_occasional
C04771,new_occasional
C04772,bargain_hunter
C04773,high_value_loyalist
C04774,bargain_hunter
C04775,high_value_loyalist
C04776,high_value_loyalist
C04777,bargain_hunter
C04778,high_value_loyalist
C04779,bargain_hunter
C04780,new_occasional
C04781,bargain_hunter
C04782,at_risk_dormant
C04783,at_risk_dormant
C04784,new_occasional
C04785,at_risk_dormant
C04786,at_risk_dormant
C04787,bargain_hunter
C04788,new_occasional
C04789,high_value_loyalist
C04790,new_occasional
C04791,bargain_hunter
C04792,high_value_loyalist
C04793,bargain_hunter
C04794,at_risk_dormant
C04795,bargain_hunter
C04796,high_value_loyalist
C04797,high_value_loyalist
C04798,bargain_hunter
C04799,at_risk_dormant
C04800,new_occasional
C04801,bargain_hunter
C04802,high_value_loyalist
C04803,high_value_loyalist
C04804,bargain_hunter
C04805,at_risk_dormant
C04806,new_occasional
C04807,bargain_hunter
C04808,new_occasional
C04809,bargain_hunter
C04810,new_occasional
C04811,bargain_hunter
C04812,new_occasional
C04813,bargain_hunter
C04814,at_risk_dormant
C04815,bargain_hunter
C04816,high_value_loyalist
C04817,bargain_hunter
C04818,bargain_hunter
C04819,new_occasional
C04820,new_occasional
C04821,new_occasional
C04822,bargain_hunter
C04823,new_occasional
C04824,new_occasional
C04825,bargain_hunter
C04826,bargain_hunter
C04827,high_value_loyalist
C04828,bargain_hunter
C04829,new_occasional
C04830,at_risk_dormant
C04831,new_occasional
C04832,bargain_hunter
C04833,new_occasional
C04834,new_occasional
C04835,bargain_hunter
C04836,at_risk_dormant
C04837,high_value_loyalist
C04838,high_value_loyalist
C04839,high_value_loyalist
C04840,high_value_loyalist
C04841,at_risk_dormant
C04842,bargain_hunter
C04843,bargain_hunter
C04844,bargain_hunter
C04845,bargain_hunter
C04846,bargain_hunter
C04847,high_value_loyalist
C04848,new_occasional
C04849,high_value_loyalist
C04850,new_occasional
C04851,high_value_loyalist
C04852,new_occasional
C04853,at_risk_dormant
C04854,high_value_loyalist
C04855,high_value_loyalist
C04856,at_risk_dormant
C04857,bargain_hunter
C04858,new_occasional
C04859,high_value_loyalist
C04860,bargain_hunter
C04861,bargain_hunter
C04862,at_risk_dormant
C04863,bargain_hunter
C04864,new_occasional
C04865,new_occasional
C04866,high_value_loyalist
C04867,bargain_hunter
C04868,bargain_hunter
C04869,bargain_hunter
C04870,new_occasional
C04871,bargain_hunter
C04872,bargain_hunter
C04873,new_occasional
C04874,new_occasional
C04875,bargain_hunter
C04876,new_occasional
C04877,bargain_hunter
C04878,new_occasional
C04879,bargain_hunter
C04880,bargain_hunter
C04881,high_value_loyalist
C04882,new_occasional
C04883,new_occasional
C04884,bargain_hunter
C04885,at_risk_dormant
C04886,at_risk_dormant
C04887,high_value_loyalist
C04888,new_occasional
C04889,bargain_hunter
C04890,at_risk_dormant
C04891,bargain_hunter
C04892,bargain_hunter
C04893,bargain_hunter
C04894,bargain_hunter
C04895,new_occasional
C04896,bargain_hunter
C04897,bargain_hunter
C04898,bargain_hunter
C04899,at_risk_dormant
C04900,new_occasional
C04901,bargain_hunter
C04902,bargain_hunter
C04903,high_value_loyalist
C04904,at_risk_dormant
C04905,new_occasional
C04906,new_occasional
C04907,at_risk_dormant
C04908,high_value_loyalist
C04909,new_occasional
C04910,high_value_loyalist
C04911,high_value_loyalist
C04912,bargain_hunter
C04913,bargain_hunter
C04914,at_risk_dormant
C04915,bargain_hunter
C04916,at_risk_dormant
C04917,new_occasional
C04918,new_occasional
C04919,at_risk_dormant
C04920,bargain_hunter
C04921,bargain_hunter
C04922,high_value_loyalist
C04923,bargain_hunter
C04924,at_risk_dormant
C04925,bargain_hunter
C04926,bargain_hunter
C04927,high_value_loyalist
C04928,bargain_hunter
C04929,new_occasional
C04930,bargain_hunter
C04931,new_occasional
C04932,new_occasional
C04933,new_occasional
C04934,bargain_hunter
C04935,new_occasional
C04936,high_value_loyalist
C04937,bargain_hunter
C04938,new_occasional
C04939,new_occasional
C04940,high_value_loyalist
C04941,at_risk_dormant
C04942,high_value_loyalist
C04943,new_occasional
C04944,at_risk_dormant
C04945,new_occasional
C04946,at_risk_dormant
C04947,new_occasional
C04948,new_occasional
C04949,new_occasional
C04950,new_occasional
C04951,bargain_hunter
C04952,new_occasional
C04953,bargain_hunter
C04954,at_risk_dormant
C04955,bargain_hunter
C04956,bargain_hunter
C04957,at_risk_dormant
C04958,bargain_hunter
C04959,bargain_hunter
C04960,new_occasional
C04961,high_value_loyalist
C04962,high_value_loyalist
C04963,bargain_hunter
C04964,bargain_hunter
C04965,bargain_hunter
C04966,high_value_loyalist
C04967,bargain_hunter
C04968,bargain_hunter
C04969,high_value_loyalist
C04970,new_occasional
C04971,new_occasional
C04972,high_value_loyalist
C04973,bargain_hunter
C04974,at_risk_dormant
C04975,new_occasional
C04976,bargain_hunter
C04977,bargain_hunter
C04978,high_value_loyalist
C04979,at_risk_dormant
C04980,at_risk_dormant
C04981,at_risk_dormant
C04982,bargain_hunter
C04983,bargain_hunter
C04984,high_value_loyalist
C04985,bargain_hunter
C04986,bargain_hunter
C04987,new_occasional
C04988,high_value_loyalist
C04989,at_risk_dormant
C04990,high_value_loyalist
C04991,high_value_loyalist
C04992,at_risk_dormant
C04993,new_occasional
C04994,bargain_hunter
C04995,new_occasional
C04996,bargain_hunter
C04997,high_value_loyalist
C04998,bargain_hunter
C04999,bargain_hunter
C05000,new_occasional
